PROTECTED,X1,X2,X3,X4,X5,
0,9,40,0,56,46,0
0,67,53,60,83,35,0
0,2,16,9,3,55,0
0,46,56,58,25,65,0
0,86,74,58,80,43,0
0,58,32,8,72,54,1
0,56,82,7,23,6,0
0,25,29,77,41,66,0
0,27,97,16,77,52,0
0,36,79,71,18,61,0
0,22,14,70,68,65,0
0,77,59,50,20,29,0
0,92,67,16,43,40,0
0,91,33,90,17,20,0
0,50,69,92,55,87,0
0,94,49,73,78,87,0
0,86,66,8,31,94,0
0,24,63,90,75,91,0
0,72,73,48,76,95,0
0,6,77,79,58,48,0
0,97,25,70,13,24,0
0,51,70,16,58,65,0
0,23,86,26,59,45,0
0,66,36,67,31,99,0
0,77,68,63,12,75,0
0,13,81,61,22,78,1
0,97,90,4,45,19,0
0,61,64,65,44,78,0
0,59,26,59,10,84,0
0,47,95,87,42,93,0
0,2,23,2,76,7,0
0,77,97,33,80,56,0
0,88,77,12,42,98,0
0,2,76,60,81,0,0
0,14,76,8,74,89,0
0,10,2,85,65,82,0
0,5,61,98,22,11,0
0,62,41,92,44,99,0
0,64,40,15,30,47,1
0,91,57,43,4,0,0
0,92,70,10,18,73,0
0,1,4,44,65,71,0
0,19,14,69,36,24,0
0,57,25,68,78,66,0
0,13,37,39,86,8,0
0,74,22,1,64,8,0
0,20,2,49,61,79,0
0,0,30,85,6,22,0
0,29,73,95,80,64,0
0,65,79,86,7,62,1
0,64,40,78,86,40,0
0,92,61,3,82,67,0
0,61,81,74,54,17,0
0,91,75,84,26,22,0
0,5,67,42,39,85,0
0,51,27,74,54,54,0
0,81,98,78,30,56,0
0,46,57,56,86,65,0
0,8,66,77,78,93,0
0,1,76,42,15,9,0
0,68,9,86,56,46,0
0,97,36,9,59,64,0
0,37,83,40,0,48,0
0,13,3,27,42,47,0
0,75,93,54,13,98,0
0,53,53,26,80,34,0
0,75,60,18,26,67,0
0,64,65,50,86,56,0
0,62,51,71,98,92,0
0,55,93,35,17,39,0
0,75,71,77,55,20,0
0,63,93,89,41,57,0
0,42,66,59,38,92,0
0,94,95,21,90,55,0
0,33,99,12,85,94,0
0,31,96,99,84,88,0
0,38,40,91,0,80,0
0,97,79,76,26,96,0
0,93,21,8,20,90,0
0,57,77,38,92,61,0
0,30,8,33,96,53,0
0,32,17,15,69,59,0
0,42,63,45,1,81,0
0,85,56,99,48,7,0
0,11,43,38,94,14,0
0,61,90,76,14,61,0
0,60,75,26,22,49,1
0,29,47,54,69,57,0
0,58,90,75,41,82,0
0,32,40,79,84,43,0
0,45,4,53,69,65,1
0,59,62,93,26,53,0
0,87,84,12,27,9,0
0,93,76,41,9,42,0
0,78,85,91,43,52,0
0,71,67,29,89,59,0
0,42,58,97,88,15,0
0,64,75,26,73,92,0
0,10,84,16,77,89,0
0,36,98,91,50,10,0
0,96,18,44,44,47,0
0,37,92,21,50,87,0
0,31,93,71,68,85,0
0,3,23,25,68,48,0
0,74,94,50,27,18,0
0,11,58,35,88,66,0
0,11,25,47,78,10,0
0,34,38,77,85,87,0
0,72,54,10,51,5,0
0,31,12,96,83,48,0
0,34,10,22,88,28,0
0,76,10,77,92,12,0
0,95,68,21,29,86,0
0,97,45,38,6,68,0
0,82,62,54,38,51,0
0,47,51,62,77,41,0
0,43,75,52,84,93,0
0,89,90,11,6,67,0
0,32,42,24,60,50,0
0,53,33,55,36,30,0
0,28,69,41,82,74,0
0,32,88,54,69,40,0
0,9,45,93,72,77,0
0,13,80,30,99,90,0
0,58,95,67,49,50,0
0,11,57,97,12,96,0
0,81,13,88,18,28,0
0,15,82,10,51,6,0
0,19,91,61,31,73,0
0,90,47,97,50,17,0
0,29,76,10,72,94,0
0,48,73,15,6,46,0
0,71,97,86,63,49,0
0,64,55,95,94,36,0
0,93,25,4,99,18,1
0,64,79,46,67,54,0
0,66,65,60,72,69,0
0,19,65,15,64,7,0
0,69,27,7,61,84,0
0,87,78,35,3,42,0
0,6,98,61,54,15,1
0,71,16,82,30,69,0
0,50,37,48,10,22,0
0,8,39,1,48,67,0
0,12,87,83,75,72,0
0,63,16,97,35,21,0
0,3,47,10,90,56,0
0,90,74,97,60,31,1
0,11,61,89,46,85,0
0,33,41,9,19,27,1
0,46,57,28,51,66,0
0,22,63,82,20,57,0
0,74,31,10,28,62,0
0,74,18,35,94,37,0
0,21,23,83,21,4,0
0,72,75,65,70,12,0
0,50,74,2,38,81,0
0,49,20,8,82,24,0
0,87,91,51,7,35,0
0,85,61,27,74,25,0
0,3,54,96,77,62,0
0,41,39,72,36,38,1
0,10,98,54,68,78,0
0,50,24,4,11,38,1
0,84,59,12,55,27,0
0,90,51,58,87,20,0
0,31,77,64,24,81,0
0,6,80,50,23,9,0
0,79,90,75,87,24,0
0,60,19,56,80,89,0
0,99,95,96,83,43,0
0,44,72,15,81,29,0
0,8,28,71,28,78,0
0,11,81,69,45,22,0
0,35,36,68,5,89,0
0,22,6,76,68,44,0
0,84,68,65,23,78,0
0,0,99,13,3,18,0
0,54,19,58,41,87,0
0,42,94,30,85,47,0
0,67,66,90,96,9,0
0,51,12,88,5,84,0
0,16,34,55,52,81,1
0,60,40,7,20,43,0
0,14,6,44,23,51,0
0,88,84,99,60,81,0
0,77,32,86,8,7,0
0,80,69,76,30,35,0
0,9,11,14,84,90,0
0,97,99,61,89,0,1
0,39,67,79,74,8,0
0,2,49,64,28,23,0
0,70,83,55,68,97,0
0,70,51,87,13,52,0
0,70,34,86,56,23,0
0,1,66,67,72,80,0
0,97,56,27,16,32,0
0,73,55,79,83,21,0
0,36,86,63,62,77,0
0,46,33,50,37,77,0
0,81,35,10,74,22,0
0,43,82,21,35,42,0
0,95,10,52,24,88,0
0,58,23,73,84,95,1
0,70,91,7,35,47,0
0,30,66,57,67,62,0
0,7,49,13,73,83,0
0,5,42,89,72,60,1
0,13,56,25,74,82,0
0,52,68,37,8,49,0
0,1,89,45,21,44,0
0,14,99,54,99,32,0
0,67,1,58,95,55,0
0,81,75,3,30,24,0
0,78,97,61,74,31,0
0,7,15,61,33,61,0
0,25,52,86,70,62,0
0,65,55,71,71,20,0
0,67,71,49,34,80,0
0,44,21,15,24,47,0
0,13,87,65,44,70,0
0,85,87,45,87,91,1
0,61,80,91,12,7,0
0,60,87,57,44,86,0
0,68,69,31,65,43,0
0,55,4,64,50,91,0
0,21,34,6,81,13,0
0,61,76,99,34,20,0
0,23,39,94,10,33,0
0,46,61,73,65,65,0
0,37,90,14,78,83,0
0,39,70,41,32,70,0
0,83,44,1,26,10,0
0,38,75,48,40,27,0
0,32,5,31,88,8,0
0,15,37,84,80,68,0
0,29,89,66,42,74,0
0,33,11,20,14,85,1
0,3,49,18,81,32,1
0,21,16,33,2,96,0
0,26,10,23,3,99,0
0,18,95,76,37,63,0
0,90,25,30,89,85,1
0,43,4,10,80,38,0
0,73,13,31,47,88,0
0,90,42,56,98,18,0
0,64,8,72,9,50,0
0,96,0,36,15,55,0
0,76,39,29,21,4,0
0,11,28,92,2,80,0
0,33,1,53,85,20,0
0,8,19,8,19,18,0
0,94,21,45,24,17,0
0,62,69,8,93,40,0
0,58,38,10,67,31,0
0,16,99,74,34,49,0
0,90,74,49,54,73,1
0,81,53,82,78,91,0
0,66,64,75,53,39,0
0,88,41,14,69,9,0
0,27,99,28,54,44,0
0,58,2,73,54,52,0
0,78,37,39,44,52,0
0,87,93,24,68,19,0
0,84,52,41,62,31,0
0,3,83,53,93,29,0
0,22,32,8,37,56,0
0,38,69,64,8,58,0
0,26,19,6,1,18,0
0,2,86,15,96,57,1
0,4,18,79,89,10,0
0,96,5,18,67,33,0
0,34,2,0,45,14,0
0,22,83,48,47,9,1
0,44,31,76,72,65,0
0,18,50,80,53,79,0
0,26,77,89,18,43,0
0,63,87,72,48,29,0
0,39,45,22,29,61,1
0,7,37,40,5,6,0
0,2,81,7,0,14,0
0,53,85,78,14,21,1
0,23,44,12,29,61,0
0,92,25,3,70,43,0
0,13,63,79,87,35,0
0,20,22,84,93,48,0
0,78,2,1,65,34,0
0,60,48,91,65,82,0
0,78,13,10,83,11,0
0,34,11,11,77,96,1
0,17,78,87,22,38,0
0,61,66,82,20,14,0
0,7,20,42,97,7,0
0,78,43,10,46,31,0
0,65,60,25,3,72,1
0,98,68,71,34,8,0
0,17,91,72,45,85,0
0,80,32,65,1,53,0
0,41,45,11,0,26,0
0,9,44,11,52,39,1
0,70,18,39,46,23,0
0,7,83,86,23,71,0
0,19,24,32,4,17,0
0,27,5,23,73,31,0
0,10,32,77,79,25,0
0,57,92,24,73,23,1
0,34,25,4,59,88,0
0,46,18,73,46,40,0
0,69,70,83,97,27,0
0,77,50,5,58,21,1
0,45,24,96,53,29,0
0,10,93,90,97,98,0
0,24,41,92,53,55,0
0,85,61,98,0,24,0
0,26,11,81,16,3,1
0,20,83,69,44,79,0
0,60,20,84,59,38,0
0,5,76,47,55,66,0
0,34,4,47,48,32,0
0,24,27,52,74,96,0
0,35,8,87,89,95,1
0,87,43,69,46,22,0
0,84,4,69,24,38,0
0,84,6,68,17,63,0
0,27,89,18,0,74,1
0,64,29,93,65,47,0
0,4,97,24,38,52,0
0,63,94,74,59,83,0
0,10,40,6,84,46,0
0,94,77,55,47,60,0
0,88,27,39,0,32,0
0,86,86,92,70,20,0
0,33,73,47,41,1,1
0,12,0,83,35,65,0
0,98,14,5,31,58,0
0,41,40,26,39,58,0
0,54,55,93,54,83,0
0,94,18,65,82,46,0
0,0,53,46,62,64,0
0,72,9,78,15,33,0
0,83,35,6,68,44,0
0,38,69,90,79,27,0
0,97,58,87,56,31,0
0,40,4,13,9,62,0
0,74,73,18,64,4,0
0,75,85,95,57,48,0
0,59,15,62,99,45,0
0,40,16,97,85,56,0
0,15,47,94,79,44,0
0,81,95,56,41,24,0
0,40,13,92,78,33,0
0,47,88,32,2,12,0
0,23,36,48,73,10,0
0,52,25,0,29,32,0
0,21,67,38,69,68,0
0,24,88,73,95,12,0
0,71,65,59,16,61,0
0,64,42,89,94,51,1
0,64,59,93,5,62,0
0,25,64,1,96,35,0
0,42,32,44,22,79,0
0,81,97,96,26,26,0
0,80,53,15,27,64,0
0,54,75,81,78,75,0
0,10,33,50,6,5,0
0,73,97,70,70,83,0
0,85,86,97,21,38,0
0,49,57,8,63,70,0
0,76,81,41,18,9,0
0,22,86,18,2,81,0
0,80,25,84,25,5,0
0,2,8,76,23,80,0
0,91,86,50,45,58,0
0,52,44,0,32,81,0
0,98,36,93,59,39,0
0,45,37,70,38,28,0
0,19,98,60,35,79,0
0,97,94,71,49,94,0
0,7,93,40,91,28,0
0,34,94,37,26,25,1
0,57,62,69,13,3,1
0,96,3,88,34,17,0
0,68,72,87,5,31,0
0,13,12,54,50,84,0
0,18,78,10,89,33,0
0,58,72,28,15,65,0
0,80,74,12,2,87,0
0,16,75,47,25,80,0
0,9,65,34,99,18,0
0,11,51,32,16,89,0
0,55,96,27,41,29,1
0,16,19,95,11,36,1
0,34,96,28,14,89,0
0,88,6,65,19,99,0
0,76,0,68,45,48,0
0,9,61,82,59,62,0
0,4,77,38,64,5,0
0,56,82,7,42,16,0
0,9,40,21,64,44,0
0,14,6,13,97,80,0
0,91,23,56,85,30,0
0,42,42,74,47,42,1
0,75,50,85,32,56,0
0,92,12,59,38,98,0
0,57,74,36,36,68,1
0,76,22,50,71,78,0
0,79,61,44,61,16,0
0,50,29,22,1,25,0
0,77,74,49,24,39,0
0,55,19,32,62,53,0
0,32,17,48,64,85,0
0,7,99,46,15,16,0
0,11,27,6,55,48,0
0,93,88,96,77,88,0
0,78,10,61,89,79,0
0,81,99,68,86,16,1
0,6,21,28,91,28,0
0,11,39,61,75,25,1
0,95,87,78,81,69,0
0,25,83,49,39,72,1
0,22,17,8,67,53,0
0,85,88,43,4,2,0
0,10,97,72,65,54,0
0,13,15,5,47,7,0
0,75,83,79,89,69,0
0,70,53,71,45,37,0
0,49,11,5,56,4,0
0,78,65,7,96,85,0
0,36,51,54,93,39,0
0,6,90,48,18,22,1
0,61,45,67,92,90,0
0,64,80,97,28,36,0
0,66,10,9,66,59,0
0,44,78,20,1,24,0
0,89,2,41,28,14,0
0,31,89,41,99,71,0
0,66,95,98,53,54,0
0,5,4,5,35,36,0
0,9,95,92,85,62,0
0,32,0,42,68,79,0
0,60,2,52,46,21,0
0,46,44,50,50,0,0
0,39,64,74,72,65,0
0,94,93,32,78,33,0
0,53,53,98,50,37,0
0,12,31,77,68,40,1
0,11,93,97,46,97,1
0,90,57,25,29,86,0
0,64,39,26,88,80,0
0,60,64,57,74,90,0
0,80,20,28,75,46,0
0,82,2,0,78,42,0
0,84,16,53,76,93,0
0,34,1,76,48,58,1
0,70,7,39,2,47,0
0,62,18,7,54,70,0
0,97,52,80,7,95,0
0,61,46,72,2,36,0
0,71,56,44,26,29,1
0,64,89,80,40,40,0
0,18,13,58,15,99,1
0,69,34,97,15,32,1
0,76,90,17,37,58,0
0,7,79,56,30,14,0
0,42,38,72,53,52,1
0,84,34,38,23,81,0
0,2,71,44,33,2,0
0,5,79,67,92,27,0
0,86,91,83,15,24,0
0,99,91,65,61,53,0
0,70,93,34,12,2,0
0,93,92,73,63,15,0
0,68,14,87,78,35,0
0,33,23,63,14,45,1
0,60,52,56,57,88,0
0,24,79,89,65,87,1
0,22,59,88,57,46,0
0,21,83,72,32,77,0
0,92,28,80,66,2,1
0,80,76,11,78,80,0
0,82,69,78,57,10,0
0,94,43,96,93,8,1
0,18,49,85,24,76,1
0,39,64,66,65,18,1
0,18,84,23,46,50,0
0,26,37,78,88,16,0
0,62,25,7,60,60,0
0,83,51,43,65,4,0
0,92,89,49,53,18,0
0,46,31,82,81,76,0
0,26,17,10,37,48,0
0,56,22,22,96,74,1
0,94,2,31,86,27,0
0,17,89,7,1,48,0
0,71,10,3,57,89,0
0,80,55,45,40,10,0
0,48,83,37,40,89,0
0,65,47,89,36,54,0
0,14,30,67,3,70,1
0,64,8,50,89,50,0
0,95,49,22,91,15,0
0,42,32,53,93,63,0
0,41,89,13,10,74,0
0,24,55,76,11,95,0
0,63,46,92,49,87,0
0,17,74,25,31,3,1
0,23,56,99,21,10,0
0,43,87,88,10,52,0
0,22,52,9,13,82,0
0,97,0,17,41,65,0
0,33,32,70,46,12,1
0,88,6,82,49,42,0
0,80,90,47,24,71,0
0,14,69,68,41,12,0
0,17,95,87,55,10,0
0,50,30,47,96,62,0
0,1,37,40,50,60,0
0,61,33,21,14,53,0
0,19,47,90,54,33,0
0,63,46,48,86,18,0
0,30,77,25,43,37,1
0,75,21,64,77,28,0
0,44,49,41,54,72,0
0,6,29,67,47,97,0
0,63,62,75,83,83,0
0,78,0,29,48,11,0
0,82,82,49,63,60,0
0,25,60,19,72,79,1
0,88,87,64,33,86,1
0,34,11,71,1,39,1
0,72,27,50,59,85,0
0,29,32,46,11,5,0
0,43,94,9,0,49,0
0,95,70,9,6,33,0
0,74,61,58,54,40,0
0,76,58,10,56,38,1
0,55,30,1,63,0,0
0,0,67,13,70,48,0
0,57,52,21,67,13,0
0,47,96,31,20,84,0
0,13,81,37,59,66,0
0,62,36,18,25,23,1
0,26,54,47,63,65,0
0,82,52,0,76,59,0
0,50,45,78,25,89,0
0,38,41,71,57,89,0
0,61,58,40,72,45,0
0,42,50,3,18,24,1
0,39,53,56,20,70,0
0,69,43,23,90,98,0
0,3,49,18,85,41,0
0,47,14,14,45,20,0
0,68,94,46,75,29,0
0,46,37,17,70,42,0
0,37,88,38,60,87,0
0,33,37,73,0,90,0
0,0,83,67,93,69,0
0,70,12,2,55,50,1
0,16,60,38,75,76,0
0,20,8,43,43,31,0
0,83,75,93,40,11,0
0,2,53,7,72,37,0
0,9,66,13,79,68,0
0,32,82,35,79,60,0
0,21,93,92,29,83,0
0,92,66,39,58,68,0
0,95,59,32,86,64,0
0,13,37,80,65,16,0
0,61,74,40,86,6,0
0,37,65,40,43,72,0
0,85,82,26,42,3,0
0,13,26,13,69,40,1
0,36,7,81,76,95,0
0,42,38,19,56,27,0
0,33,46,17,41,54,0
0,22,37,64,92,2,0
0,42,76,84,60,17,0
0,73,99,53,0,82,1
0,62,87,0,59,8,0
0,15,52,26,53,5,0
0,50,42,18,50,5,0
0,33,60,22,20,73,0
0,56,50,37,49,91,0
0,29,13,58,50,8,1
0,78,90,18,13,69,0
0,93,64,77,96,56,0
0,72,55,5,97,29,0
0,31,20,40,65,74,0
0,89,77,6,22,22,0
0,22,14,34,12,63,0
0,95,31,55,29,85,0
0,79,73,92,33,69,0
0,1,40,31,78,46,0
0,77,10,72,14,29,1
0,47,24,23,32,23,0
0,27,16,49,72,35,1
0,35,36,67,59,72,0
0,79,0,7,73,31,0
0,89,6,87,64,52,0
0,14,30,20,73,23,0
0,92,18,58,35,0,1
0,65,43,2,9,96,0
0,69,39,62,89,88,0
0,99,26,28,55,57,1
0,71,95,72,68,94,1
0,56,23,82,85,43,0
0,95,40,72,48,56,0
0,25,24,71,69,74,0
0,34,70,31,89,27,1
0,41,49,43,72,68,0
0,56,25,26,88,99,0
0,72,60,23,22,46,1
0,84,3,71,64,30,0
0,68,75,67,20,37,0
0,21,40,99,87,79,0
0,59,35,31,11,2,0
0,9,69,51,97,66,0
0,4,61,99,59,13,0
0,27,37,19,25,14,1
0,53,7,86,25,46,0
0,17,17,98,29,41,1
0,96,8,48,87,87,0
0,8,74,43,30,54,0
0,11,74,86,69,46,0
0,8,79,30,16,66,0
0,21,39,31,60,78,1
0,2,63,6,59,57,1
0,56,85,64,96,26,0
0,5,72,21,75,77,1
0,68,73,13,60,17,1
0,37,29,43,81,33,0
0,28,92,13,30,75,1
0,23,27,31,37,50,0
0,71,50,61,39,10,1
0,65,20,21,90,57,0
0,51,90,32,36,80,1
0,67,33,5,27,10,1
0,64,6,29,85,30,0
0,38,86,29,18,56,1
0,53,63,47,86,81,0
0,33,2,98,92,4,0
0,57,51,54,86,16,0
0,60,97,19,84,41,0
0,6,56,10,16,88,1
0,50,28,88,43,37,0
0,78,60,30,31,62,1
0,30,57,15,43,31,0
0,13,20,57,28,22,0
0,75,77,70,46,34,0
0,95,50,0,84,82,1
0,52,81,4,35,20,0
0,79,67,14,97,54,1
0,54,83,39,50,7,1
0,41,8,64,7,6,1
0,50,0,69,28,38,1
0,32,99,98,71,14,1
0,32,74,64,52,66,1
0,67,90,62,67,87,0
0,27,5,26,47,75,0
0,78,46,81,49,11,0
0,12,44,51,25,43,0
0,17,14,75,32,28,0
0,96,75,20,63,82,0
0,65,52,73,92,76,0
0,26,65,86,73,65,1
0,20,75,31,71,92,0
0,94,0,30,33,68,1
0,51,79,92,71,48,0
0,67,16,69,69,78,0
0,85,49,35,41,38,0
0,66,99,96,9,31,1
0,85,1,68,51,64,0
0,46,57,38,10,97,1
0,19,63,26,93,25,1
0,20,64,31,97,56,0
0,10,92,3,8,40,0
0,85,50,1,82,80,0
0,87,36,58,34,99,0
0,37,32,66,93,89,0
0,63,97,44,28,67,1
0,89,40,66,39,8,0
0,90,89,61,49,56,1
0,14,26,75,4,2,0
0,20,15,90,2,62,0
0,61,14,39,28,55,0
0,82,75,83,53,52,1
0,8,69,32,57,56,0
0,83,29,15,54,70,0
0,46,1,78,9,7,0
0,8,56,94,7,65,0
0,6,47,6,45,79,0
0,21,35,38,69,72,1
0,42,16,54,13,98,0
0,15,83,56,45,20,0
0,76,33,59,94,4,0
0,63,1,24,55,6,0
0,67,36,47,27,7,0
0,8,86,98,12,26,1
0,70,84,97,60,45,0
0,79,22,0,40,31,0
0,61,94,81,53,91,0
0,38,13,69,91,55,0
0,12,33,25,68,55,0
0,87,32,46,36,46,0
0,25,67,92,20,65,1
0,26,41,59,54,67,0
0,83,59,18,0,25,0
0,66,17,83,12,13,0
0,27,70,51,82,61,0
0,36,21,53,20,77,0
0,34,0,91,13,78,0
0,5,69,85,10,43,1
0,28,60,58,83,95,0
0,78,23,29,36,85,0
0,18,77,52,6,87,1
0,29,21,54,48,50,0
0,22,67,50,1,31,0
0,17,55,99,26,60,1
0,25,63,69,38,11,1
0,5,7,38,81,66,0
0,20,20,42,60,52,0
0,59,9,38,99,9,1
0,6,97,31,23,33,0
0,97,95,13,44,55,0
0,10,3,91,44,1,0
0,80,23,12,91,61,1
0,85,97,43,50,74,0
0,47,10,68,60,41,0
0,98,16,22,7,7,1
0,7,32,99,13,68,0
0,11,62,95,34,30,1
0,46,28,47,63,89,0
0,80,36,45,39,12,1
0,43,56,72,44,1,0
0,77,96,67,73,97,0
0,57,36,27,5,73,0
0,98,38,64,31,0,0
0,23,37,16,34,1,1
0,8,9,39,66,75,0
0,12,55,53,99,29,1
0,22,71,9,95,27,1
0,99,22,80,40,37,0
0,75,93,58,91,87,1
0,53,17,14,50,4,0
0,92,22,17,80,32,0
0,88,72,94,88,43,1
0,61,30,33,48,70,0
0,50,77,8,16,93,0
0,48,68,86,0,10,0
0,37,83,13,97,18,0
0,46,26,40,91,67,1
0,22,27,31,42,4,1
0,45,61,39,76,65,0
0,17,96,15,3,42,1
0,38,20,61,68,91,0
0,10,19,75,15,24,1
0,28,86,20,27,16,1
0,96,48,27,82,7,0
0,86,38,87,14,56,0
0,41,64,10,36,7,0
0,21,68,35,10,8,0
0,68,49,55,87,49,0
0,43,52,76,22,13,0
0,13,52,95,83,66,0
0,96,49,26,72,53,1
0,71,83,73,90,42,0
0,52,31,77,81,32,0
0,77,86,35,97,71,0
0,43,73,5,84,84,0
0,34,66,19,72,26,0
0,16,72,13,48,27,0
0,73,57,11,85,77,0
0,91,49,79,56,70,0
0,87,7,90,16,23,1
0,39,38,3,54,80,0
0,91,56,35,15,4,1
0,26,27,68,76,7,0
0,6,16,88,49,67,0
0,25,63,57,39,82,0
0,16,67,74,20,40,1
0,76,13,43,5,51,1
0,62,26,44,55,7,0
0,87,14,4,67,64,1
0,9,24,88,8,40,0
0,70,10,8,90,85,0
0,76,39,8,93,62,0
0,76,35,55,18,7,1
0,50,62,29,51,0,1
0,23,35,48,55,42,0
0,16,24,77,97,88,0
0,75,71,51,68,79,0
0,58,67,6,64,1,1
0,54,98,10,58,17,1
0,57,93,74,50,96,0
0,71,40,74,70,40,0
0,34,70,78,7,99,0
0,64,78,86,27,26,0
0,87,67,54,12,69,0
0,35,94,86,11,92,0
0,49,82,46,47,38,0
0,74,81,99,85,94,0
0,80,17,80,71,63,0
0,90,31,45,56,27,0
0,72,65,11,75,71,1
0,75,52,77,59,96,1
0,21,38,30,49,40,1
0,77,30,98,68,84,1
0,91,52,47,4,40,1
0,96,60,97,24,96,0
0,6,35,51,95,59,0
0,8,78,22,44,86,1
0,18,35,17,86,35,1
0,68,2,57,15,14,0
0,97,71,22,60,70,1
0,11,23,53,93,55,0
0,82,12,89,78,24,0
0,15,16,62,90,48,0
0,1,50,75,88,31,1
0,41,75,80,77,31,0
0,18,74,63,83,14,0
0,78,66,63,33,44,1
0,82,27,69,94,96,0
0,31,31,65,92,2,0
0,69,24,96,75,57,0
0,5,32,56,17,84,0
0,48,57,39,25,72,0
0,18,48,41,9,56,1
0,38,28,31,64,94,0
0,13,44,45,61,68,1
0,42,56,26,63,53,0
0,30,69,96,92,61,0
0,87,98,58,90,13,0
0,50,72,97,9,82,1
0,99,29,60,8,4,0
0,13,43,36,85,64,1
0,64,13,73,38,82,0
0,60,2,90,39,55,0
0,57,61,14,73,77,0
0,15,30,56,27,85,0
0,5,73,82,51,97,1
0,74,85,37,70,29,1
0,39,95,58,80,72,0
0,54,22,1,61,45,0
0,14,19,49,24,4,1
0,31,4,92,51,9,0
0,83,60,24,17,27,0
0,42,36,66,44,79,0
0,97,69,79,26,45,0
0,77,31,40,56,74,1
0,59,29,37,31,44,0
0,41,18,11,73,23,0
0,9,38,37,40,0,1
0,93,62,58,39,69,1
0,75,95,34,88,99,0
0,65,0,48,35,3,1
0,17,40,81,92,15,0
0,67,35,24,2,20,0
0,14,79,26,16,35,0
0,53,36,30,15,74,0
0,58,94,41,50,24,0
0,81,63,61,16,3,1
0,23,25,12,10,89,1
0,69,75,73,99,19,1
0,17,94,15,94,61,1
0,35,73,54,1,61,0
0,16,57,69,14,29,0
0,18,38,12,39,32,0
0,51,90,89,20,82,0
0,20,11,37,50,50,1
0,36,50,36,35,39,0
0,30,15,39,21,37,1
0,90,7,74,40,98,0
0,65,25,99,29,94,0
0,96,95,1,21,1,0
0,75,56,51,15,55,1
0,11,70,28,41,50,1
0,90,21,52,44,60,1
0,36,94,99,24,16,1
0,96,89,54,35,22,0
0,84,96,97,63,58,1
0,82,73,99,34,58,0
0,65,56,60,95,41,1
0,25,31,20,76,24,1
0,66,35,44,31,44,1
0,48,99,27,73,8,0
0,68,18,94,78,30,1
0,34,70,54,51,8,1
0,76,65,42,49,91,0
0,14,23,59,71,26,0
0,4,4,98,32,70,1
0,6,83,27,6,21,0
0,90,51,41,18,28,0
0,60,68,3,39,63,1
0,68,40,69,93,98,1
0,14,8,65,68,99,0
0,39,29,24,7,76,0
0,84,29,82,15,51,0
0,43,58,47,11,95,0
0,64,19,48,13,69,0
0,73,87,68,59,90,0
0,73,19,17,3,51,0
0,72,49,61,5,41,0
0,60,2,60,17,64,1
0,2,92,2,36,78,0
0,97,87,6,49,23,1
0,69,18,91,37,27,1
0,18,37,16,37,75,0
0,87,40,10,59,30,0
0,77,17,86,58,83,1
0,42,90,26,11,64,1
0,68,4,10,30,4,0
0,84,61,75,90,57,0
0,76,16,0,30,93,0
0,86,82,76,15,85,1
0,84,80,38,9,83,1
0,61,0,99,85,53,0
0,26,42,12,9,13,1
0,66,45,22,63,11,0
0,63,33,69,58,66,0
0,76,21,86,79,77,1
0,88,1,28,77,82,1
0,52,63,49,42,67,0
0,17,85,53,27,94,1
0,38,7,26,95,6,0
0,0,54,93,93,70,1
0,25,91,17,18,0,1
0,83,50,73,82,71,1
0,31,77,80,12,14,0
0,58,11,21,16,54,0
0,36,10,8,51,92,0
0,61,88,5,72,17,0
0,61,33,24,32,60,0
0,44,19,39,41,32,0
0,29,82,85,74,27,0
0,66,68,46,61,85,0
0,55,26,92,65,48,0
0,84,74,65,0,98,0
0,29,77,99,55,34,0
0,89,35,31,22,37,0
0,74,94,28,27,11,0
0,67,77,6,61,70,1
0,88,73,33,11,74,1
0,94,19,49,92,89,0
0,7,91,39,82,65,1
0,16,25,10,35,11,1
0,76,59,90,6,33,0
0,14,11,83,52,48,0
0,29,28,1,43,89,1
0,69,27,70,22,73,0
0,29,57,51,49,85,1
0,42,0,53,95,9,0
0,56,97,8,26,49,0
0,58,33,32,2,9,1
0,43,63,34,61,6,1
0,42,78,37,56,1,1
0,87,77,37,64,16,1
0,22,48,15,87,2,1
0,59,8,24,48,40,1
0,26,88,16,60,74,1
0,71,76,84,85,63,0
0,96,54,46,1,33,1
0,53,19,51,11,7,0
0,20,77,81,15,35,0
0,65,83,77,17,24,1
0,67,49,60,26,5,0
0,14,57,81,83,58,0
0,91,11,33,76,47,0
0,27,68,27,89,93,0
0,98,99,82,10,44,0
0,36,36,14,33,10,1
0,77,79,54,80,82,1
0,62,89,57,75,68,0
0,72,49,16,99,39,1
0,82,12,63,95,30,1
0,91,58,39,93,50,1
0,83,3,41,28,56,0
0,18,28,28,91,55,0
0,7,49,20,22,79,1
0,99,17,27,92,45,0
0,54,57,1,43,60,0
0,21,67,39,38,26,0
0,99,58,2,70,48,0
0,13,36,38,66,99,1
0,1,76,62,14,59,1
0,86,68,12,68,36,1
0,95,10,54,72,72,1
0,10,3,76,41,15,0
0,73,64,62,94,91,1
0,10,8,65,28,52,0
0,77,31,22,71,84,0
0,80,67,61,3,36,0
0,84,67,89,16,9,1
0,35,40,75,55,74,1
0,86,6,34,84,24,0
0,93,59,33,57,63,0
0,40,58,69,45,54,0
0,53,12,61,0,88,0
0,94,16,49,91,79,1
0,61,8,42,68,63,0
0,45,32,53,86,23,0
0,9,37,86,46,84,0
0,42,91,56,33,16,0
0,94,72,73,76,95,0
0,14,80,40,87,99,0
0,37,80,34,69,55,0
0,62,8,12,9,12,1
0,69,28,30,17,94,0
0,98,32,38,80,70,0
0,83,3,40,8,79,1
0,23,24,3,45,48,0
0,4,61,46,41,98,1
0,27,73,98,59,10,1
0,30,69,26,66,88,0
0,11,26,76,46,88,1
0,83,72,77,58,51,1
0,36,76,57,15,80,1
0,47,48,23,18,46,1
0,2,9,76,20,13,0
0,65,80,80,74,97,0
0,55,22,87,41,55,1
0,88,65,81,67,22,0
0,50,72,30,94,80,1
0,87,96,71,67,24,0
0,86,0,79,83,60,0
0,12,90,84,32,72,0
0,55,37,34,50,89,1
0,71,40,33,27,13,0
0,88,42,81,69,50,1
0,10,76,46,36,1,0
0,53,37,86,35,21,1
0,1,28,41,81,92,0
0,21,84,63,6,21,0
0,99,57,86,7,97,1
0,41,37,75,36,52,0
0,40,41,63,38,82,0
0,38,53,49,22,58,1
0,24,65,64,78,82,0
0,6,32,19,68,51,1
0,80,98,53,93,74,0
0,19,14,3,40,89,1
0,75,45,36,7,80,0
0,82,46,15,41,11,0
0,45,40,13,78,61,1
0,11,15,15,56,85,0
0,91,6,80,26,90,0
0,94,52,22,91,20,1
0,99,9,98,57,67,0
0,48,37,2,9,65,0
0,46,96,98,70,8,0
0,91,87,46,37,90,0
0,43,90,6,93,8,0
0,59,9,66,4,4,0
0,80,76,13,43,38,1
0,90,62,73,53,71,0
0,50,99,47,81,38,1
0,94,45,43,89,21,1
0,49,51,34,70,72,0
0,50,37,48,42,26,0
0,36,92,72,32,90,1
0,11,8,80,47,98,1
0,29,86,58,21,13,0
0,20,10,94,17,87,1
0,88,39,20,27,35,0
0,72,83,41,12,23,0
0,4,85,26,71,50,1
0,73,83,99,85,44,0
0,55,12,75,5,8,1
0,67,8,97,81,29,0
0,1,56,90,41,82,0
0,59,69,64,98,57,1
0,65,37,96,77,30,1
0,63,38,93,45,94,1
0,87,45,58,53,92,0
0,7,65,79,19,62,0
0,14,27,4,44,35,1
0,56,90,92,29,95,0
0,66,72,8,11,52,0
0,13,43,35,51,90,1
0,91,86,79,21,57,1
0,35,22,4,60,93,0
0,5,70,63,60,78,1
0,38,77,7,71,17,0
0,23,92,65,99,0,0
0,45,70,7,24,36,0
0,78,71,89,1,47,0
0,11,10,86,47,55,1
0,45,42,59,58,63,1
0,44,20,22,76,68,0
0,79,62,59,2,14,1
0,50,48,1,84,25,1
0,29,41,56,51,16,1
0,86,87,55,65,91,1
0,41,18,68,53,80,0
0,71,18,46,45,47,1
0,88,8,85,86,73,1
0,24,56,74,46,77,0
0,52,44,35,48,9,1
0,19,3,84,78,61,1
0,6,4,24,73,69,1
0,62,49,5,37,97,1
0,34,4,4,11,73,1
0,96,56,51,61,24,1
0,83,16,36,55,75,1
0,73,16,60,14,32,1
0,30,12,98,65,84,0
0,85,58,33,5,17,1
0,41,37,89,77,41,1
0,28,63,6,7,71,1
0,60,88,75,42,89,0
0,16,99,66,57,80,0
0,92,85,82,72,53,0
0,63,63,96,97,92,1
0,37,68,60,41,5,1
0,39,37,59,37,18,1
0,32,16,28,36,21,1
0,58,35,59,98,6,1
0,27,74,32,56,64,1
0,1,37,52,81,14,1
0,46,27,96,64,69,0
0,11,58,8,77,9,0
0,0,32,73,47,4,1
0,54,70,71,38,53,0
0,13,58,79,10,39,1
0,95,6,6,63,71,1
0,21,70,91,19,43,0
0,63,57,61,82,68,1
0,6,39,45,23,29,1
0,61,32,89,36,35,1
0,47,31,23,77,52,0
0,89,72,7,3,29,1
0,30,22,93,25,31,1
0,4,87,37,94,67,1
0,57,4,76,62,87,1
0,1,8,76,36,27,1
0,57,26,74,88,68,1
0,46,77,67,61,87,0
0,33,43,29,23,39,0
0,72,78,60,86,22,1
0,52,3,33,28,54,0
0,78,11,38,19,70,0
0,77,80,69,32,54,1
0,96,76,95,95,43,1
0,51,4,53,22,98,1
0,82,97,41,55,28,0
0,19,84,52,30,27,0
0,6,35,54,90,52,0
0,21,82,30,33,24,0
0,42,91,12,6,39,0
0,90,76,79,78,78,1
0,64,12,60,48,10,1
0,44,51,49,89,41,1
0,61,95,11,45,27,1
0,7,9,32,43,79,1
0,85,9,29,88,46,1
0,36,94,74,35,68,0
0,83,36,36,9,11,1
0,56,11,71,2,43,1
0,5,18,39,90,99,1
0,32,37,35,63,95,0
0,23,26,75,26,50,1
0,51,19,52,21,43,1
0,73,1,26,50,96,1
0,47,10,33,40,21,1
0,24,38,6,45,48,0
0,23,93,19,26,58,0
0,55,5,12,51,33,1
0,59,41,0,35,65,1
0,55,59,70,74,28,1
0,72,82,73,14,81,1
0,12,41,68,70,57,1
0,28,31,44,41,95,0
0,34,91,16,88,59,1
0,87,32,9,0,32,1
0,81,27,51,53,59,1
0,75,74,34,1,24,0
0,73,6,28,96,41,1
0,23,82,93,89,31,0
0,88,8,56,13,24,0
0,6,48,51,22,76,0
0,6,37,64,72,54,1
0,28,7,83,35,37,1
0,0,78,37,7,5,1
0,12,97,94,7,53,1
0,10,66,91,22,10,0
0,12,52,87,55,44,0
0,42,97,34,7,0,1
0,57,87,43,89,49,1
0,92,45,46,4,90,1
0,30,54,54,24,65,1
0,95,60,81,25,91,1
0,57,93,10,85,93,1
0,77,71,39,85,65,1
0,83,44,87,99,80,1
0,39,72,12,64,46,1
0,49,99,82,39,85,0
0,0,61,15,89,94,0
0,75,13,61,78,10,1
0,10,10,67,93,3,0
0,65,34,90,8,86,0
0,64,36,92,36,29,1
0,23,30,98,72,8,1
0,34,29,66,14,87,1
0,31,22,27,62,34,1
0,43,49,69,13,27,0
0,76,5,73,25,72,1
0,4,35,90,58,30,1
0,44,46,44,38,54,1
0,20,74,27,48,58,0
0,18,66,78,37,17,1
0,71,37,95,25,13,1
0,96,41,93,32,47,1
0,77,14,53,64,87,0
0,49,5,92,3,24,1
0,38,99,64,83,83,1
0,51,94,18,90,86,0
0,3,32,20,44,26,1
0,92,82,38,1,8,1
0,71,58,9,16,91,1
0,49,72,97,80,43,1
0,78,24,71,62,48,0
0,48,27,30,80,41,1
0,27,81,90,82,56,0
0,82,55,47,47,21,1
0,99,54,4,11,60,1
0,94,38,42,11,30,0
0,40,47,36,83,59,1
0,16,35,12,49,70,1
0,39,40,82,48,41,0
0,44,12,63,80,2,0
0,74,93,72,75,4,1
0,53,16,30,53,45,1
0,40,42,92,65,74,0
0,32,81,27,69,70,1
0,93,75,92,5,22,1
0,47,23,83,40,29,1
0,54,23,16,2,96,1
0,42,21,94,8,88,0
0,92,80,72,16,17,1
0,22,83,80,20,64,0
0,69,57,42,70,27,1
0,0,17,92,28,16,1
0,56,51,83,1,61,1
0,16,38,56,22,76,0
0,43,32,28,74,66,1
0,24,40,43,5,38,1
0,28,76,93,33,67,0
0,65,88,29,77,58,1
0,25,97,46,36,93,1
0,29,13,94,58,69,1
0,17,33,32,7,25,1
0,78,71,59,39,60,1
0,29,31,46,61,58,1
0,6,71,91,71,71,0
0,67,76,32,98,28,1
0,13,29,87,95,72,0
0,14,4,59,54,35,0
0,54,64,19,47,21,0
0,16,24,27,70,17,1
0,91,44,72,19,27,1
0,54,11,27,21,29,1
0,56,48,65,96,98,1
0,85,49,59,11,81,1
0,15,28,1,2,33,1
0,31,86,39,50,81,1
0,40,98,53,95,10,0
0,32,59,75,54,71,0
0,31,51,76,75,93,1
0,24,14,51,96,49,1
0,54,35,15,64,53,1
0,82,29,47,1,95,0
0,75,24,32,12,46,1
0,51,20,18,24,40,1
0,82,25,70,6,39,0
0,82,39,69,80,74,1
0,31,68,84,74,90,0
0,82,56,1,24,69,0
0,7,82,2,10,3,0
0,22,46,25,84,28,1
0,22,76,42,54,79,0
0,79,60,87,33,20,0
0,83,51,57,48,91,0
0,62,58,70,21,59,1
0,94,78,88,45,31,0
0,39,88,91,42,58,0
0,26,50,91,68,64,0
0,68,76,53,2,50,1
0,19,65,80,82,29,0
0,5,18,84,44,62,1
0,20,97,19,24,26,0
0,24,52,75,31,84,0
0,58,11,36,33,57,0
0,10,5,56,22,44,1
0,27,22,46,90,71,1
0,66,4,42,0,18,1
0,46,75,21,97,46,1
0,36,44,6,24,59,0
0,52,68,20,63,60,1
0,91,83,58,47,95,1
0,14,39,16,93,20,1
0,42,96,10,15,38,1
0,8,30,88,44,7,1
0,72,76,92,96,24,0
0,21,60,26,94,38,1
0,54,31,9,47,8,1
0,77,28,87,1,64,1
0,21,28,59,68,52,1
0,8,6,72,98,93,1
0,69,0,93,9,60,1
0,19,94,15,87,23,0
0,82,66,3,64,31,0
0,86,51,87,22,10,1
0,28,60,92,36,23,0
0,35,34,34,6,70,1
0,51,42,78,14,74,1
0,98,94,39,10,75,1
0,30,20,29,72,89,0
0,20,53,62,93,7,1
0,82,3,48,49,93,0
0,10,93,18,22,96,0
0,16,96,57,61,84,0
0,77,44,50,95,57,0
0,81,14,27,14,35,0
0,20,31,82,35,43,0
0,10,73,88,62,51,0
0,86,18,21,60,23,1
0,37,73,99,66,35,1
0,49,44,67,90,87,1
0,14,75,94,7,14,1
0,2,23,18,19,99,1
0,58,99,48,61,64,0
0,45,64,84,47,61,1
0,8,70,52,43,54,1
0,3,90,54,80,68,1
0,75,15,86,56,19,0
0,13,97,86,99,73,1
0,85,87,31,18,1,1
0,84,13,67,1,20,1
0,72,5,97,35,5,0
0,94,70,72,26,67,1
0,32,66,44,45,47,0
0,7,56,60,89,22,0
0,43,56,38,98,63,1
0,74,42,0,34,97,1
0,86,8,46,12,49,1
0,71,36,24,44,84,0
0,39,17,28,28,18,1
0,74,50,26,87,63,0
0,10,77,15,20,91,1
0,69,11,8,4,41,0
0,10,39,0,48,35,0
0,79,28,92,49,58,0
0,14,71,5,22,27,1
0,52,4,31,35,1,0
0,84,45,61,5,25,1
0,50,53,3,15,85,0
0,36,22,45,82,7,1
0,17,79,37,83,96,1
0,10,58,5,10,62,0
0,55,60,91,80,18,1
0,84,42,15,81,25,0
0,43,3,5,10,5,1
0,21,87,22,52,31,0
0,42,96,9,22,70,0
0,25,84,57,22,44,1
0,13,69,48,0,76,1
0,96,73,71,17,20,0
0,70,94,64,45,64,1
0,92,20,93,96,33,1
0,19,8,18,63,2,0
0,18,87,50,49,86,1
0,58,23,16,52,61,1
0,56,99,30,40,7,1
0,90,81,99,99,99,1
0,57,47,17,33,78,1
0,73,7,1,26,79,1
0,58,58,41,21,16,1
0,19,28,27,52,97,1
0,8,26,28,96,92,1
0,69,90,17,15,47,1
0,8,94,52,59,7,0
0,29,99,14,85,23,0
0,79,40,81,49,70,1
0,53,39,99,91,54,0
0,58,79,23,77,84,1
0,66,51,48,29,10,1
0,92,83,94,94,28,0
0,79,74,0,19,89,0
0,62,4,27,73,15,1
0,54,80,15,15,29,1
0,33,15,66,13,92,1
0,25,50,7,8,45,1
0,83,50,63,35,49,0
0,29,90,61,70,31,0
0,92,61,15,87,52,1
0,31,76,54,47,52,0
0,88,83,4,44,29,0
0,57,88,23,43,98,0
0,22,23,95,21,87,0
0,30,26,99,55,32,0
0,5,45,90,57,13,1
0,60,23,89,88,98,1
0,20,6,65,79,44,1
0,26,80,43,65,68,0
0,56,95,93,14,58,0
0,30,30,15,86,70,1
0,37,83,96,33,11,1
0,81,53,26,24,72,1
0,11,95,25,25,77,0
0,90,99,74,55,5,0
0,89,92,5,33,77,1
0,5,20,76,26,62,1
0,22,49,2,85,57,1
0,43,79,80,83,45,1
0,8,49,61,86,78,1
0,73,66,91,18,48,1
0,21,74,30,81,65,1
0,93,3,81,93,94,0
0,55,27,68,41,90,1
0,19,92,35,68,55,0
0,69,31,12,91,37,1
0,26,70,51,76,94,1
0,61,14,98,93,30,0
0,82,99,61,95,38,1
0,64,36,25,93,90,1
0,20,74,15,17,12,0
0,75,26,7,9,96,1
0,46,51,5,75,40,1
0,40,1,75,53,84,1
0,34,79,50,68,83,0
0,30,63,48,92,77,1
0,18,89,93,96,30,0
0,69,91,97,62,59,1
0,72,70,17,45,43,0
0,64,69,34,65,23,1
0,30,19,75,59,11,0
0,39,25,1,55,40,1
0,71,67,63,5,96,1
0,54,42,90,1,64,1
0,44,47,13,68,65,0
0,90,94,51,74,84,1
0,92,50,94,32,87,1
0,17,78,79,3,48,1
0,39,25,4,52,61,1
0,30,11,36,8,41,1
0,65,9,89,77,69,0
0,49,33,28,93,76,1
0,70,92,72,21,65,1
0,87,30,47,52,84,1
0,85,41,47,31,14,1
0,99,29,35,13,41,0
0,79,15,35,15,5,0
0,73,27,72,92,66,1
0,43,9,18,7,48,1
0,46,20,26,48,45,1
0,29,35,35,37,40,1
0,81,14,23,36,42,1
0,17,7,67,33,15,1
0,38,84,91,37,70,1
0,40,14,58,66,50,0
0,88,61,7,30,44,0
0,13,27,50,12,82,1
0,38,1,17,92,40,0
0,15,10,94,86,89,0
0,64,9,62,55,87,1
0,72,91,10,1,61,1
0,22,85,35,7,10,1
0,27,45,23,35,57,0
0,57,77,77,79,42,0
0,53,53,4,84,32,0
0,37,73,14,83,34,1
0,98,80,33,57,75,1
0,33,67,76,84,37,1
0,68,62,50,2,3,0
0,44,37,84,45,37,1
0,98,91,38,96,55,0
0,69,71,55,10,94,1
0,56,50,61,18,0,0
0,42,54,97,72,44,1
0,44,93,63,99,41,1
0,91,79,57,52,55,1
0,41,95,7,51,64,1
0,39,2,41,4,48,1
0,83,16,24,86,68,1
0,67,16,96,23,40,0
0,12,4,41,64,54,1
0,62,12,23,23,75,1
0,85,8,96,65,70,1
0,81,88,89,97,29,0
0,69,4,19,35,43,1
0,98,94,6,16,20,1
0,65,82,18,50,33,1
0,37,99,68,64,43,1
0,8,37,96,21,19,0
0,51,3,8,83,37,1
0,60,5,17,5,79,1
0,62,66,87,83,10,1
0,13,18,62,25,9,0
0,60,42,40,17,81,1
0,12,24,10,7,6,1
0,63,42,32,14,56,0
0,35,95,77,6,39,1
0,62,47,66,20,97,1
0,2,96,36,97,36,1
0,76,17,68,3,97,1
0,91,8,13,34,64,1
0,25,96,76,70,8,1
0,67,43,5,10,81,0
0,31,63,28,44,59,0
0,38,55,11,27,59,1
0,71,42,30,93,62,1
0,2,99,7,82,41,1
0,87,93,66,76,60,1
0,87,96,44,41,57,0
0,58,56,46,88,30,0
0,99,83,14,10,28,1
0,9,32,33,39,58,0
0,44,61,27,75,49,1
0,47,39,8,92,15,1
0,13,43,75,32,51,1
0,14,27,2,51,4,1
0,99,4,18,63,29,1
0,33,90,74,63,90,1
0,57,74,36,5,36,1
0,25,42,82,25,4,1
0,19,58,65,14,65,1
0,32,99,88,71,21,1
0,69,95,16,1,25,1
0,86,90,87,81,80,1
0,99,81,59,31,65,1
0,11,48,10,72,42,0
0,59,49,52,20,36,1
0,56,2,67,92,18,0
0,72,17,27,39,68,1
0,54,46,18,31,19,1
0,1,27,67,51,44,1
0,0,56,48,9,54,1
0,76,44,93,50,0,1
0,39,53,23,17,9,0
0,16,36,56,31,64,1
0,61,11,79,57,6,0
0,82,34,87,35,97,1
0,17,0,33,57,93,1
0,81,20,74,89,24,1
0,69,98,94,85,48,1
0,14,93,51,19,99,1
0,30,70,53,59,38,1
0,80,69,43,83,37,1
0,36,65,62,30,51,1
0,40,99,25,23,37,0
0,41,99,22,15,45,1
0,77,5,9,11,49,1
0,14,12,16,21,39,1
0,76,69,1,90,65,1
0,32,62,62,62,71,1
0,55,98,53,62,41,0
0,33,21,96,92,72,0
0,75,43,79,39,69,1
0,52,98,73,1,13,1
0,49,27,7,91,16,1
0,64,6,78,26,89,0
0,43,20,25,39,39,1
0,19,34,3,52,10,1
0,4,42,44,29,96,1
0,48,48,84,19,89,1
0,44,79,64,14,34,1
0,91,66,27,10,18,1
0,25,14,68,34,52,0
0,62,87,79,48,55,0
0,37,24,1,64,93,0
0,28,92,19,72,7,1
0,12,39,96,75,5,1
0,97,17,44,81,91,1
0,87,17,28,67,14,0
0,55,25,28,27,21,1
0,92,86,52,31,81,1
0,86,80,10,67,46,1
0,30,42,76,19,56,1
0,75,63,77,23,43,1
0,15,74,83,67,44,1
0,75,98,98,92,85,1
0,52,4,30,65,85,0
0,29,34,68,87,60,0
0,73,0,63,29,84,1
0,99,13,22,32,35,1
0,95,89,64,22,79,1
0,27,13,69,87,0,1
0,50,70,24,26,52,1
0,92,0,67,31,61,1
0,59,93,95,77,39,1
0,46,13,33,24,33,0
0,71,49,82,76,40,0
0,29,25,72,41,14,0
0,98,5,23,25,62,0
0,95,96,54,84,1,1
0,12,12,73,19,88,1
0,61,64,46,32,3,1
0,11,64,38,49,31,1
0,96,2,14,56,28,0
0,29,42,28,4,49,1
0,8,33,7,8,35,0
0,35,58,7,71,80,1
0,57,99,74,62,82,1
0,8,8,32,85,15,1
0,37,89,91,68,95,1
0,48,21,39,74,0,1
0,53,57,96,38,45,1
0,1,35,76,75,82,1
0,30,87,52,82,15,1
0,71,55,82,7,26,1
0,46,74,18,87,38,0
0,5,53,86,5,22,1
0,70,86,59,54,37,1
0,82,86,26,70,33,1
0,93,85,61,70,16,1
0,38,85,18,58,78,1
0,72,39,4,9,59,1
0,16,73,96,99,92,1
0,83,23,19,71,66,1
0,81,11,55,88,47,1
0,89,61,61,34,83,0
0,86,39,23,3,4,1
0,69,14,54,52,22,0
0,85,80,97,73,38,1
0,91,60,4,67,8,1
0,3,16,24,54,54,1
0,96,28,28,34,47,1
0,54,43,33,31,36,0
0,8,67,34,40,74,1
0,63,54,29,47,40,0
0,11,91,28,7,40,1
0,90,16,67,56,76,1
0,90,81,56,79,17,1
0,33,83,5,67,62,1
0,78,3,62,10,26,1
0,73,82,57,17,31,1
0,99,51,17,52,83,0
0,82,37,12,84,33,1
0,95,62,67,81,30,0
0,52,20,43,19,98,1
0,40,69,69,91,32,1
0,46,49,80,29,48,1
0,63,52,23,65,10,1
0,78,32,62,3,34,1
0,63,64,33,48,50,1
0,35,49,60,72,21,0
0,76,63,81,69,24,1
0,74,48,61,12,41,1
0,6,3,47,3,40,1
0,46,86,7,57,35,1
0,62,85,7,93,12,0
0,75,35,87,75,44,1
0,22,31,17,29,66,1
0,64,39,28,8,99,1
0,91,83,28,82,38,0
0,38,36,37,57,47,1
0,96,46,95,95,2,1
0,5,14,93,8,72,1
0,93,54,9,92,48,0
0,67,2,47,10,33,1
0,79,92,73,75,74,1
0,24,99,46,51,27,1
0,89,71,83,75,98,1
0,77,92,2,18,74,1
0,30,73,65,47,43,0
0,19,73,47,65,89,1
0,51,3,84,88,80,1
0,50,72,66,68,46,1
0,40,64,48,76,66,1
0,69,54,21,23,9,1
0,70,56,99,97,82,1
0,88,18,13,28,21,1
0,9,27,67,26,53,1
0,34,67,1,90,99,1
0,40,69,26,38,94,1
0,88,58,75,7,12,1
0,91,61,81,21,58,1
0,1,24,20,95,3,0
0,78,73,54,16,26,0
0,25,1,15,74,49,1
0,20,85,12,93,2,1
0,63,61,22,81,28,0
0,62,40,5,93,45,1
0,76,64,38,93,27,0
0,83,16,85,73,71,0
0,42,69,19,62,54,1
0,85,38,56,13,95,1
0,76,7,60,34,27,0
0,24,45,99,45,32,1
0,6,66,56,16,17,1
0,27,93,78,16,69,0
0,93,59,19,90,98,1
0,49,35,13,62,36,0
0,69,70,45,66,28,0
0,65,45,32,60,22,1
0,22,31,7,70,29,1
0,45,5,79,72,40,1
0,37,37,98,60,87,1
0,19,45,1,84,33,0
0,49,24,14,0,63,0
0,42,35,14,6,53,1
0,73,31,81,2,43,1
0,89,86,81,89,1,1
0,54,25,65,94,98,1
0,58,28,69,21,15,1
0,15,69,72,5,65,1
0,96,30,99,27,74,1
0,78,55,23,99,73,1
0,64,69,26,88,74,0
0,1,70,92,38,28,1
0,50,84,81,69,85,1
0,50,72,42,36,70,1
0,1,30,10,50,6,1
0,95,0,30,11,30,1
0,81,1,59,44,1,1
0,93,81,70,7,26,1
0,15,1,61,60,29,1
0,3,3,56,63,73,1
0,99,75,73,13,92,1
0,81,75,43,83,23,1
0,20,18,61,55,3,1
0,92,53,74,51,44,0
0,35,34,79,23,65,1
0,6,57,79,14,76,1
0,2,62,37,20,96,1
0,81,21,43,23,59,1
0,48,77,29,88,75,1
0,23,34,4,55,20,1
0,63,8,66,71,12,1
0,98,71,34,8,2,1
0,85,2,51,81,56,1
0,11,77,28,64,58,1
0,84,23,47,69,25,1
0,20,79,90,79,8,1
0,83,68,90,83,87,1
0,56,76,63,77,29,1
0,59,56,85,44,36,0
0,30,38,48,27,24,1
0,79,89,77,6,82,1
0,75,68,31,57,8,1
0,8,67,9,61,11,1
0,99,2,97,45,85,1
0,61,5,86,70,92,1
0,81,12,73,60,31,1
0,69,74,95,24,89,0
0,90,84,62,3,7,1
0,86,23,25,0,52,1
0,25,28,32,23,93,1
0,50,5,39,32,31,1
0,97,18,61,89,0,1
0,45,68,69,67,50,1
0,99,44,13,26,52,1
0,8,93,37,89,44,1
0,40,86,0,23,22,1
0,13,20,1,16,57,1
0,20,57,47,74,3,0
0,83,41,36,97,55,1
0,36,57,37,12,90,1
0,19,12,7,24,60,1
0,65,79,4,61,83,1
0,7,15,95,45,49,0
0,16,21,79,52,20,1
0,96,34,52,11,85,1
0,1,22,52,7,0,1
0,91,93,44,23,15,1
0,48,21,76,92,33,0
0,61,87,26,89,58,1
0,35,68,11,8,91,1
0,50,47,50,42,97,1
0,13,11,4,6,23,1
0,87,96,32,17,60,1
0,86,74,63,72,96,1
0,82,1,65,39,46,1
0,32,33,3,66,49,1
0,46,4,30,14,46,1
0,37,34,69,35,16,1
0,26,22,60,4,84,1
0,42,82,96,57,9,1
0,26,20,49,12,68,1
0,19,89,89,77,63,1
0,99,23,81,75,76,1
0,73,2,67,87,97,1
0,5,89,15,76,73,1
0,23,9,61,62,48,1
0,53,45,62,76,75,1
0,53,63,15,79,59,1
0,36,75,17,92,67,1
0,21,45,78,78,26,1
0,89,14,74,79,70,0
0,23,9,85,7,58,1
0,68,98,68,65,45,1
0,46,55,68,26,53,0
0,1,16,64,52,32,1
0,89,12,17,24,0,1
0,53,75,25,62,14,0
0,55,30,12,11,10,1
0,47,28,98,28,33,1
0,76,64,64,71,41,1
0,65,85,55,9,84,1
0,30,31,82,24,0,1
0,23,45,82,48,0,1
0,22,86,29,65,95,1
0,25,91,72,75,15,1
0,79,81,84,7,4,1
0,35,95,66,59,66,1
0,59,2,29,57,82,0
0,96,3,79,84,50,1
0,6,13,69,43,49,1
0,86,30,19,52,82,0
0,38,8,28,38,49,1
0,18,92,11,99,58,0
0,68,15,40,48,90,1
0,18,95,7,19,75,1
0,33,83,87,86,9,1
0,49,16,29,19,12,1
0,88,87,67,47,80,1
0,13,44,45,50,68,1
0,75,7,53,88,28,1
0,71,29,33,42,61,1
0,51,30,10,15,15,1
0,32,98,28,3,84,1
0,42,70,86,96,82,0
0,40,53,95,28,18,0
0,57,17,75,67,33,1
0,92,8,49,1,82,1
0,74,20,67,38,57,1
0,30,65,4,90,16,1
0,70,14,41,26,53,1
0,34,1,65,87,60,1
0,95,51,58,59,46,0
0,67,85,25,19,1,1
0,2,14,34,91,54,1
0,69,63,79,4,37,1
0,77,57,87,99,87,1
0,61,90,89,9,26,1
0,55,71,79,72,86,1
0,49,98,84,35,50,1
0,89,44,49,24,97,1
0,42,70,41,27,24,1
0,54,8,29,57,97,1
0,19,3,26,91,51,1
0,44,55,43,29,7,1
0,5,35,60,31,42,1
0,52,48,77,80,86,1
0,46,66,7,41,21,1
0,28,62,72,8,71,1
0,52,0,82,0,71,1
0,16,54,68,98,57,1
0,18,91,48,82,36,1
0,48,20,21,92,51,1
0,60,66,80,91,45,1
0,37,73,84,69,57,1
0,94,46,28,43,64,1
0,15,67,58,42,48,1
0,94,37,52,2,60,1
0,21,4,82,94,30,1
0,66,83,6,76,2,1
0,82,6,55,8,41,0
0,53,56,61,41,6,1
0,15,7,54,96,57,1
0,38,62,39,46,95,1
0,0,31,99,1,48,1
0,11,72,30,43,90,1
0,71,71,65,75,66,1
0,22,33,47,8,5,0
0,32,19,29,22,81,1
0,94,77,75,63,82,1
0,93,74,43,1,33,1
0,3,97,62,35,39,1
0,49,29,38,56,61,1
0,61,28,63,0,50,1
0,43,97,20,80,73,1
0,32,28,60,8,64,1
0,93,0,39,75,7,1
0,27,2,74,4,78,1
0,68,94,38,16,68,1
0,44,18,65,23,14,1
0,63,16,67,80,26,1
0,84,45,42,33,58,1
0,33,73,94,98,27,1
0,16,69,35,77,97,1
0,12,29,39,24,69,1
0,94,36,73,12,43,1
0,90,68,81,51,13,1
0,39,44,34,93,74,0
0,1,7,13,58,5,1
0,34,6,19,8,17,1
0,70,98,51,47,84,1
0,84,39,24,88,52,1
0,39,98,54,19,65,1
0,67,94,3,33,59,1
0,90,22,18,95,60,1
0,41,95,19,45,27,1
0,50,42,81,50,4,1
0,36,87,68,1,22,1
0,58,77,59,14,58,1
0,98,85,98,84,17,1
0,58,96,41,40,9,1
0,71,1,75,41,34,1
0,79,21,72,25,8,1
0,85,50,20,6,28,1
0,22,54,41,33,37,1
0,97,53,15,73,84,1
0,95,62,22,59,54,1
0,65,51,2,84,98,1
0,45,54,75,71,99,1
0,14,7,77,82,87,1
0,7,68,34,63,98,1
0,86,0,93,40,72,1
0,43,92,88,27,80,1
0,51,83,51,24,41,1
0,59,60,11,35,71,1
0,74,8,10,88,76,1
0,41,69,37,91,93,1
0,30,18,87,48,95,1
0,27,14,83,55,70,1
0,72,27,62,13,92,1
0,53,80,19,24,99,1
0,36,67,99,18,13,1
0,92,30,34,68,44,1
0,73,1,44,10,16,1
0,60,43,83,88,35,1
0,33,98,63,47,87,1
0,24,33,6,78,70,1
0,20,66,17,80,8,1
0,49,22,9,79,3,1
0,30,14,22,2,46,1
0,60,72,45,18,95,1
0,5,51,38,0,6,1
0,95,41,43,21,38,1
0,81,3,23,0,38,1
0,76,5,72,3,51,1
0,87,17,50,53,62,1
0,58,22,90,62,68,1
0,22,95,66,98,78,1
0,66,26,14,37,13,1
0,85,90,17,63,54,1
0,3,37,54,84,33,1
0,77,92,90,98,64,1
0,85,88,67,42,33,1
0,50,93,91,70,40,1
0,8,45,68,35,52,1
0,8,60,21,80,77,1
0,35,67,63,92,87,1
0,81,37,37,14,31,1
0,28,9,75,15,41,1
0,63,53,12,35,93,1
0,84,48,77,7,94,1
0,62,77,95,85,70,1
0,95,57,48,22,62,1
0,37,30,26,54,16,1
0,56,85,36,34,43,1
0,66,78,9,34,74,1
0,68,82,37,40,17,1
0,51,20,41,82,0,1
0,87,88,5,60,32,1
0,46,15,65,17,42,1
0,40,76,79,48,74,1
0,92,46,74,80,1,1
0,50,85,15,72,8,1
0,10,67,53,64,23,1
0,92,84,72,3,74,1
0,32,52,75,90,98,1
0,78,93,87,6,2,1
0,88,65,87,32,72,1
0,13,67,46,42,2,1
0,14,76,29,86,17,1
0,56,67,1,80,77,1
0,36,97,69,0,58,1
0,55,39,78,72,36,1
0,58,7,49,57,94,1
0,94,52,98,75,97,1
0,73,79,90,6,18,1
0,93,2,51,45,58,1
0,55,2,54,4,55,1
0,33,16,11,53,8,1
0,73,86,37,87,79,1
0,29,79,0,85,72,1
0,85,12,86,14,83,0
0,46,65,47,74,40,1
0,3,63,87,57,49,1
0,19,67,55,94,53,1
0,46,7,49,55,42,1
0,47,71,16,90,43,1
0,93,86,84,62,43,1
0,6,88,0,85,68,1
0,37,39,68,93,99,1
0,97,16,21,47,25,1
0,79,60,83,14,56,1
0,81,24,6,31,83,1
0,64,13,9,4,7,1
0,50,68,5,30,79,1
0,97,33,15,68,46,1
0,82,98,81,25,49,1
0,3,13,91,61,26,1
0,95,66,22,3,98,0
0,61,25,4,66,34,1
0,67,28,86,56,40,1
0,48,27,54,24,87,1
0,63,54,83,58,52,1
0,48,11,18,90,46,1
1,86,82,85,12,12,0
1,10,47,97,86,65,0
1,14,5,97,4,54,0
1,20,23,75,40,14,0
1,59,79,90,35,4,0
1,31,14,33,4,64,0
1,37,24,58,23,72,0
1,42,42,33,79,32,0
1,64,53,10,55,54,0
1,96,53,42,32,17,0
1,57,60,47,27,17,0
1,67,90,29,86,65,0
1,63,46,15,81,33,0
1,62,30,19,93,33,0
1,40,23,77,13,78,0
1,53,72,85,38,74,0
1,90,77,15,0,42,0
1,7,74,94,62,90,0
1,58,61,76,92,90,0
1,31,97,13,36,75,0
1,25,94,49,45,87,0
1,2,23,90,62,48,0
1,91,14,13,75,39,0
1,69,66,7,65,38,0
1,96,29,0,72,69,0
1,63,42,75,40,33,0
1,62,97,10,78,79,0
1,31,55,41,35,96,0
1,43,66,45,6,95,0
1,43,52,97,54,41,0
1,52,11,77,97,20,1
1,49,55,14,76,34,1
1,19,46,29,66,57,0
1,17,75,1,46,52,0
1,63,88,93,27,72,0
1,4,94,23,59,72,0
1,14,11,54,52,62,0
1,72,89,21,81,49,0
1,50,16,14,53,86,0
1,88,72,72,18,35,0
1,57,66,89,90,65,0
1,25,27,33,38,49,1
1,82,2,64,33,32,0
1,63,39,27,96,92,0
1,19,50,60,91,68,0
1,71,40,62,3,71,0
1,99,6,52,84,9,0
1,25,25,53,37,4,0
1,68,24,23,50,67,0
1,39,76,98,88,2,0
1,60,85,45,69,74,0
1,75,21,76,13,30,0
1,94,10,65,5,54,0
1,81,36,13,76,36,0
1,57,14,70,53,73,0
1,29,1,61,61,83,1
1,53,37,15,21,33,1
1,14,46,16,85,36,0
1,22,97,39,97,57,0
1,77,23,63,15,54,0
1,43,51,0,33,91,0
1,19,81,95,12,96,0
1,33,12,67,94,27,0
1,34,56,74,82,91,0
1,86,84,30,12,68,0
1,38,87,64,89,58,0
1,38,42,45,50,35,0
1,96,36,78,26,30,0
1,86,78,95,22,7,0
1,51,88,35,2,91,0
1,69,24,15,41,84,0
1,6,98,69,15,83,1
1,70,1,64,10,80,0
1,81,85,48,55,91,0
1,79,88,86,79,46,0
1,63,8,70,26,74,0
1,0,69,32,73,57,0
1,91,63,0,14,93,0
1,0,79,25,97,97,0
1,31,20,80,19,35,0
1,68,92,69,44,13,0
1,11,67,27,19,9,0
1,28,33,84,60,13,0
1,96,40,80,83,81,0
1,12,10,43,62,44,0
1,94,33,83,60,2,0
1,24,77,50,49,83,0
1,79,42,2,42,88,0
1,36,2,48,34,9,0
1,26,36,76,98,93,0
1,24,83,30,5,66,0
1,97,52,65,34,79,0
1,81,68,26,24,81,0
1,7,76,53,6,64,0
1,81,25,23,91,87,1
1,80,89,24,64,88,1
1,16,37,51,81,20,0
1,89,86,12,61,79,0
1,43,31,80,56,57,1
1,46,72,52,15,40,0
1,88,61,4,24,46,0
1,87,98,83,16,28,0
1,7,39,18,7,87,0
1,76,67,20,47,11,1
1,98,64,38,63,85,0
1,51,9,39,39,61,0
1,41,38,9,95,8,0
1,84,67,1,6,6,0
1,31,43,94,1,5,0
1,59,76,39,27,41,1
1,40,69,73,17,91,0
1,6,54,48,37,90,0
1,95,11,37,12,57,1
1,62,36,84,44,27,0
1,62,78,22,33,83,0
1,25,1,87,13,77,0
1,34,57,14,49,28,0
1,41,75,32,57,67,0
1,28,54,51,84,1,0
1,62,35,43,90,46,0
1,93,27,99,19,66,0
1,32,98,43,28,13,0
1,43,17,64,88,70,0
1,52,80,52,31,75,0
1,85,36,31,25,6,0
1,74,53,13,49,88,0
1,18,36,59,87,60,0
1,50,92,24,56,17,0
1,58,76,64,82,82,0
1,40,71,68,51,95,0
1,48,88,95,60,25,0
1,81,67,80,35,43,0
1,88,99,59,9,0,0
1,81,47,5,64,91,1
1,66,69,82,5,54,0
1,62,24,29,73,2,0
1,3,68,41,2,56,0
1,59,93,20,96,69,0
1,15,21,28,94,15,0
1,35,35,66,99,66,1
1,82,0,18,70,25,0
1,83,50,62,51,35,0
1,91,9,42,21,73,0
1,9,90,78,82,35,1
1,14,3,50,92,64,0
1,56,46,75,72,71,0
1,56,10,84,53,95,0
1,97,96,30,63,14,0
1,92,93,79,82,48,0
1,81,92,41,45,66,0
1,93,39,59,98,89,0
1,36,31,85,54,38,1
1,26,49,17,81,95,0
1,12,47,24,98,8,0
1,69,62,10,77,73,0
1,9,61,63,75,79,0
1,74,95,73,88,22,0
1,27,34,80,71,29,0
1,99,81,0,1,66,0
1,15,71,50,42,18,0
1,84,29,47,60,96,0
1,2,14,44,74,1,1
1,65,94,92,10,93,1
1,45,68,73,91,7,0
1,47,29,90,31,6,0
1,68,70,59,42,93,0
1,11,87,37,52,59,1
1,87,89,28,24,61,0
1,34,7,44,76,20,1
1,57,13,56,66,42,0
1,57,32,70,97,86,0
1,79,72,25,42,38,0
1,86,5,96,6,88,0
1,96,23,11,92,27,0
1,8,5,80,39,69,0
1,56,29,26,27,28,1
1,73,48,10,45,68,0
1,18,34,10,5,42,0
1,50,98,22,55,25,0
1,94,38,9,45,66,1
1,72,55,75,21,38,0
1,69,81,35,1,0,0
1,41,43,30,68,16,0
1,17,77,36,9,52,0
1,96,1,19,60,66,0
1,96,10,90,9,61,0
1,4,34,17,40,88,0
1,8,67,60,45,79,0
1,66,86,8,44,96,0
1,8,74,5,95,19,0
1,2,47,19,37,52,1
1,87,48,36,44,5,1
1,19,97,39,35,45,0
1,91,15,88,18,21,0
1,96,32,52,99,68,0
1,9,42,54,19,36,0
1,24,95,70,47,22,0
1,19,40,32,68,72,0
1,80,19,14,4,40,0
1,0,89,8,72,11,0
1,27,11,35,7,35,1
1,80,18,15,10,52,0
1,24,34,34,76,50,0
1,38,86,41,62,20,0
1,91,89,80,67,42,0
1,16,88,57,17,14,1
1,40,13,39,34,77,0
1,10,82,58,28,41,0
1,71,43,90,36,28,0
1,76,53,31,16,0,0
1,48,81,5,18,11,0
1,52,43,69,57,75,0
1,98,83,36,21,81,1
1,39,7,26,22,7,1
1,15,0,7,37,61,1
1,19,27,96,73,33,0
1,73,61,65,4,54,0
1,45,71,88,74,79,0
1,70,43,17,39,32,0
1,8,11,60,97,75,0
1,63,82,83,96,43,0
1,96,89,26,12,13,0
1,8,36,39,84,67,1
1,38,75,98,80,23,0
1,73,80,64,41,29,0
1,27,79,48,69,74,0
1,91,39,79,96,31,0
1,69,73,73,25,27,0
1,42,67,95,86,4,0
1,94,57,1,87,78,0
1,80,4,23,99,70,0
1,32,10,29,75,83,0
1,80,88,91,96,82,0
1,54,66,53,64,23,0
1,63,21,42,5,71,0
1,21,92,4,60,66,0
1,58,94,64,68,30,0
1,34,15,73,93,15,0
1,2,78,20,87,73,1
1,77,76,10,13,92,0
1,4,59,98,70,14,0
1,83,54,64,63,48,0
1,0,92,50,17,44,0
1,15,9,81,17,51,0
1,94,9,10,61,22,0
1,21,27,8,40,91,0
1,34,46,64,74,56,0
1,38,24,28,37,3,0
1,62,9,24,97,15,1
1,50,67,39,8,65,0
1,48,35,87,22,78,0
1,6,75,22,72,49,0
1,51,31,22,33,44,0
1,41,26,66,9,15,0
1,45,75,59,70,15,0
1,14,73,9,84,51,0
1,23,90,21,1,7,0
1,19,49,47,30,59,0
1,18,75,30,66,12,0
1,65,1,80,98,84,0
1,69,70,91,21,73,1
1,81,96,0,4,32,1
1,74,13,51,80,24,1
1,14,45,19,92,65,0
1,94,3,81,20,82,1
1,41,23,58,3,14,0
1,25,10,68,49,91,0
1,79,16,20,26,93,1
1,83,2,90,69,7,0
1,50,75,22,11,53,1
1,45,61,4,8,81,0
1,7,82,65,89,12,0
1,37,45,56,88,46,1
1,14,98,25,40,85,0
1,29,12,27,13,81,0
1,4,98,55,32,70,0
1,32,12,11,52,95,0
1,27,19,49,47,42,1
1,54,5,15,80,92,0
1,66,86,22,89,23,1
1,31,54,74,51,86,0
1,42,66,16,22,60,0
1,34,77,7,66,15,0
1,50,64,14,88,35,1
1,47,38,41,45,97,1
1,41,73,92,10,85,1
1,47,27,33,47,45,0
1,3,78,81,2,71,1
1,24,22,88,11,12,0
1,75,33,53,26,76,0
1,66,26,71,21,67,0
1,16,69,17,71,7,1
1,32,15,92,86,88,1
1,31,0,61,73,23,0
1,91,44,69,46,89,0
1,79,86,16,40,23,0
1,5,43,79,20,65,0
1,90,62,20,14,64,0
1,14,28,83,21,22,1
1,62,32,86,70,87,1
1,8,9,1,33,19,1
1,67,90,48,94,53,0
1,44,86,63,69,96,0
1,66,27,58,88,44,1
1,51,39,58,17,95,0
1,35,66,49,92,80,1
1,70,5,31,85,88,0
1,17,49,18,16,48,0
1,26,50,61,84,77,1
1,73,20,65,16,7,0
1,63,7,62,39,54,0
1,71,85,15,74,96,0
1,16,47,62,87,98,0
1,45,95,21,72,13,1
1,21,88,95,70,50,0
1,33,57,57,73,60,0
1,52,3,61,36,50,0
1,16,83,78,68,49,0
1,29,17,9,72,6,0
1,85,45,9,79,92,0
1,41,72,29,22,16,0
1,14,51,25,27,1,0
1,22,96,31,76,37,1
1,21,84,37,16,24,0
1,34,36,55,66,55,1
1,96,75,46,21,2,0
1,63,61,48,61,23,0
1,20,37,6,93,72,0
1,40,92,90,22,48,0
1,57,95,35,21,46,1
1,62,75,84,49,66,1
1,74,16,13,62,67,0
1,27,6,44,77,32,1
1,73,99,81,93,7,0
1,16,46,45,41,36,1
1,39,88,13,25,56,0
1,56,9,63,9,18,1
1,86,29,76,75,81,0
1,73,43,91,50,23,0
1,11,83,43,13,22,0
1,25,51,76,25,8,0
1,93,46,88,73,24,1
1,83,22,89,65,26,1
1,61,64,81,69,57,0
1,39,69,63,30,57,0
1,67,29,85,10,6,0
1,12,22,63,34,75,1
1,83,92,7,82,63,0
1,31,72,70,88,77,0
1,96,46,97,41,28,0
1,75,56,31,23,51,0
1,33,60,87,9,58,0
1,59,10,1,93,28,0
1,70,83,89,11,4,0
1,12,69,55,31,28,1
1,16,40,94,80,74,1
1,46,29,68,41,29,0
1,28,20,54,33,5,0
1,33,55,82,53,60,1
1,24,42,22,96,79,1
1,81,8,49,11,1,1
1,92,66,85,54,48,1
1,17,50,61,5,26,1
1,90,98,27,92,32,0
1,22,20,69,41,69,0
1,43,62,82,76,24,0
1,73,92,12,59,30,1
1,94,71,71,71,75,0
1,29,46,19,74,35,0
1,1,99,69,15,98,0
1,93,5,42,19,23,0
1,50,30,37,51,2,1
1,55,26,87,17,20,0
1,70,67,83,48,10,0
1,20,27,4,8,25,0
1,32,12,51,97,21,0
1,43,74,41,20,53,0
1,52,89,26,50,92,0
1,88,46,71,8,82,0
1,36,92,76,55,34,0
1,99,44,93,47,12,1
1,7,49,94,20,76,1
1,37,39,69,15,58,0
1,68,92,49,78,61,0
1,58,98,10,74,47,0
1,72,85,79,25,65,0
1,90,46,96,58,9,1
1,89,99,27,59,65,0
1,89,93,53,88,73,1
1,20,5,96,25,96,1
1,30,37,26,69,69,0
1,51,78,58,15,68,0
1,73,68,60,62,31,0
1,45,54,54,81,0,1
1,5,97,1,98,32,1
1,92,86,4,18,46,0
1,57,17,19,1,43,0
1,2,5,60,23,88,0
1,41,85,41,84,27,1
1,74,28,83,71,36,0
1,27,49,51,62,16,1
1,18,69,73,86,76,0
1,40,72,26,64,95,1
1,48,77,56,17,39,0
1,91,76,23,58,91,0
1,52,53,45,37,62,0
1,14,18,25,28,42,0
1,62,75,56,99,94,0
1,11,38,40,79,24,1
1,3,77,98,14,97,0
1,95,39,72,11,95,0
1,51,49,11,80,57,0
1,9,71,82,6,30,0
1,59,51,6,37,28,1
1,0,45,2,28,80,0
1,45,1,50,16,90,0
1,84,60,34,47,12,0
1,18,84,72,35,31,0
1,52,86,42,51,20,0
1,88,62,81,74,22,0
1,41,80,2,60,59,0
1,77,9,59,97,86,0
1,43,67,76,70,24,1
1,43,45,26,31,61,0
1,43,47,22,24,57,0
1,24,26,25,82,30,0
1,41,3,20,2,64,0
1,21,83,52,74,75,0
1,25,50,97,78,87,0
1,82,28,21,87,48,0
1,7,46,3,82,26,1
1,34,73,93,73,7,1
1,82,14,76,7,2,1
1,18,77,26,49,9,0
1,29,46,34,74,29,1
1,74,22,89,86,87,0
1,35,31,16,75,69,0
1,79,32,59,85,23,0
1,7,95,70,90,14,0
1,95,85,57,34,60,0
1,55,10,16,75,59,0
1,40,31,14,30,12,0
1,46,56,58,57,30,0
1,6,81,19,81,32,0
1,11,46,94,2,11,0
1,66,59,96,16,77,0
1,62,3,81,73,13,1
1,15,97,92,44,87,0
1,73,62,74,65,57,0
1,89,39,58,98,18,1
1,90,91,22,35,34,1
1,48,85,48,55,65,0
1,12,83,59,22,68,1
1,18,96,52,79,63,1
1,48,62,85,4,93,0
1,52,93,49,44,35,1
1,93,77,64,54,54,0
1,82,48,36,98,84,1
1,32,1,84,87,21,0
1,69,85,27,7,65,0
1,36,64,81,1,84,0
1,60,38,91,51,17,0
1,51,16,92,53,76,0
1,92,37,1,85,93,1
1,0,24,84,12,26,1
1,53,10,74,98,86,0
1,52,62,80,12,72,1
1,16,85,21,93,35,0
1,49,84,87,73,41,1
1,20,81,67,38,44,1
1,37,55,7,49,35,1
1,80,92,93,91,82,1
1,94,23,92,69,52,1
1,80,85,87,37,70,0
1,10,62,60,32,48,0
1,56,95,72,99,12,0
1,6,83,65,43,36,0
1,10,55,35,38,84,0
1,48,64,79,66,81,0
1,71,12,84,31,80,0
1,42,87,4,43,62,1
1,56,10,6,35,79,1
1,65,25,28,20,45,0
1,60,86,79,55,16,1
1,5,27,68,62,97,1
1,7,3,90,14,8,0
1,8,53,0,59,42,0
1,19,53,37,28,91,0
1,62,96,34,66,27,1
1,71,11,82,23,77,0
1,19,71,91,1,4,1
1,58,34,55,67,25,0
1,89,84,25,31,11,1
1,29,6,57,58,29,0
1,29,89,18,34,40,0
1,91,26,15,83,59,0
1,45,58,67,68,0,0
1,44,48,47,19,41,1
1,32,91,44,73,54,1
1,12,75,28,27,21,0
1,78,21,96,51,3,1
1,46,94,22,28,99,0
1,66,36,39,84,98,0
1,83,5,9,53,9,1
1,49,78,68,46,29,0
1,68,19,67,55,87,1
1,66,38,6,42,58,1
1,85,81,45,53,18,0
1,17,8,80,86,70,1
1,56,75,85,59,11,0
1,98,0,28,87,71,0
1,84,24,11,90,94,1
1,69,6,88,67,24,0
1,62,56,25,17,52,1
1,88,95,94,25,15,0
1,12,31,66,4,6,1
1,29,98,85,16,20,0
1,59,64,2,85,34,0
1,27,5,94,38,47,0
1,84,9,24,9,78,0
1,74,64,7,44,12,1
1,9,12,92,68,85,0
1,52,7,99,35,15,0
1,11,93,77,24,88,0
1,47,86,76,17,27,1
1,20,14,74,94,67,0
1,44,97,12,53,59,1
1,41,4,43,50,0,0
1,51,48,87,48,96,1
1,87,53,29,82,81,0
1,23,23,36,4,23,1
1,91,71,83,83,54,0
1,82,37,70,20,19,1
1,27,13,87,21,89,1
1,89,12,11,89,62,1
1,87,29,59,28,96,0
1,72,74,1,99,99,0
1,90,41,81,82,43,1
1,75,28,62,89,89,0
1,67,43,90,20,96,0
1,95,19,44,93,29,1
1,32,45,49,44,28,1
1,38,73,41,11,15,1
1,99,46,46,59,96,1
1,86,67,63,76,40,0
1,49,86,80,24,87,1
1,76,86,14,74,62,1
1,96,60,92,13,89,0
1,77,19,84,18,54,1
1,96,62,38,29,79,1
1,17,82,10,61,51,0
1,11,60,90,88,4,0
1,42,47,0,11,41,1
1,81,24,73,8,91,1
1,83,28,23,58,43,0
1,53,78,93,35,98,1
1,9,6,35,83,45,1
1,86,52,5,6,19,0
1,13,9,48,34,72,0
1,44,75,55,92,21,1
1,36,7,65,13,66,1
1,5,85,60,30,54,1
1,79,88,6,7,47,1
1,70,64,11,8,20,1
1,70,60,6,51,1,1
1,87,1,74,62,39,1
1,26,5,9,40,34,1
1,43,40,73,42,42,1
1,68,80,77,30,40,0
1,99,26,59,6,24,1
1,65,33,38,54,14,0
1,0,88,38,32,43,1
1,44,51,35,5,31,1
1,20,92,29,30,64,1
1,47,41,94,10,43,1
1,97,33,62,77,7,0
1,48,63,74,39,82,0
1,92,99,78,26,48,0
1,63,63,13,16,73,0
1,48,46,37,82,30,1
1,79,70,10,66,40,0
1,52,55,64,73,78,1
1,58,21,41,11,52,0
1,28,47,69,46,76,1
1,33,26,98,95,4,1
1,67,40,41,91,41,1
1,34,30,76,70,37,1
1,10,12,70,8,80,1
1,93,37,55,97,77,1
1,33,64,2,54,59,1
1,12,33,63,26,65,1
1,82,54,9,28,16,0
1,95,80,9,43,97,1
1,37,8,64,20,16,1
1,92,82,8,17,51,1
1,20,82,63,77,57,1
1,71,59,27,6,20,1
1,17,0,87,34,81,1
1,60,34,84,25,78,0
1,80,47,0,37,25,1
1,60,17,70,6,47,1
1,91,32,11,6,25,0
1,3,66,57,87,45,1
1,4,0,64,9,4,0
1,15,24,80,22,34,1
1,82,47,75,81,75,0
1,4,65,39,97,31,1
1,45,87,93,14,51,1
1,63,13,13,24,65,0
1,77,70,85,53,67,0
1,58,40,3,7,33,1
1,15,81,62,44,38,0
1,74,53,0,69,86,1
1,48,56,75,90,35,0
1,82,52,78,1,57,0
1,74,37,80,90,68,0
1,11,73,25,52,95,1
1,8,3,88,67,95,1
1,0,39,13,1,69,1
1,68,47,87,91,42,1
1,31,45,51,28,42,1
1,73,10,16,84,6,1
1,6,14,98,57,15,1
1,97,26,22,18,46,1
1,53,49,0,45,10,0
1,24,24,69,58,5,1
1,66,25,77,51,86,1
1,58,57,71,57,90,1
1,58,89,79,95,18,1
1,27,63,41,66,3,1
1,64,15,73,13,85,1
1,39,9,89,79,81,1
1,22,12,64,38,45,0
1,6,49,53,42,35,0
1,47,22,43,32,35,0
1,2,70,31,64,90,0
1,86,99,93,9,23,1
1,28,13,52,17,52,0
1,69,67,85,3,65,1
1,65,28,20,28,14,1
1,86,89,91,51,17,1
1,97,52,79,67,6,0
1,20,1,19,17,66,0
1,25,47,78,49,22,0
1,37,53,71,67,41,0
1,15,92,35,71,93,0
1,44,86,73,12,21,1
1,84,34,56,31,88,0
1,70,47,68,38,3,1
1,38,30,59,34,80,1
1,11,59,16,58,92,1
1,89,11,81,13,96,0
1,46,47,76,40,21,1
1,6,14,59,69,67,0
1,27,63,31,12,24,1
1,21,29,8,20,6,1
1,85,91,90,51,17,1
1,48,25,60,24,88,1
1,54,13,0,23,48,1
1,49,21,47,79,13,1
1,40,78,55,43,70,1
1,69,48,42,4,44,1
1,3,33,1,49,37,1
1,10,53,49,28,45,1
1,26,33,46,59,42,1
1,28,15,14,95,22,1
1,44,90,4,40,0,1
1,96,44,10,7,33,1
1,91,32,92,60,29,1
1,7,41,16,12,54,1
1,63,14,33,86,16,1
1,87,27,43,33,46,1
1,39,13,89,29,2,1
1,59,56,12,19,85,0
1,20,94,6,65,90,0
1,23,2,81,52,40,1
1,7,20,47,12,85,0
1,11,65,42,77,63,0
1,54,35,95,75,39,1
1,21,35,75,93,85,1
1,38,34,30,30,95,1
1,89,0,35,7,14,1
1,40,96,34,42,3,0
1,93,2,31,10,40,1
1,4,56,31,29,98,1
1,61,12,98,99,12,1
1,67,55,27,51,99,1
1,66,22,31,82,38,1
1,25,56,98,88,55,0
1,24,35,4,81,3,0
1,57,63,26,17,42,1
1,1,94,7,96,83,1
1,86,88,58,45,5,0
1,57,65,54,51,69,1
1,43,84,62,65,80,1
1,85,69,60,89,21,1
1,62,93,34,64,17,0
1,29,12,66,17,51,1
1,39,14,93,24,60,0
1,68,53,11,98,40,0
1,59,61,73,32,58,0
1,64,49,79,3,21,1
1,26,2,69,33,7,1
1,39,59,12,86,46,1
1,22,91,34,65,89,1
1,51,79,8,2,52,1
1,46,62,23,48,62,1
1,47,60,68,41,33,0
1,41,84,71,3,0,0
1,19,26,97,53,12,0
1,70,45,70,99,86,0
1,47,15,77,23,44,0
1,81,90,12,13,46,1
1,71,42,54,96,45,1
1,58,83,77,46,59,1
1,15,96,41,42,12,1
1,74,51,74,16,36,1
1,90,36,82,77,43,0
1,14,10,87,42,70,1
1,92,48,21,25,34,1
1,0,51,48,38,91,1
1,75,67,25,30,94,1
1,21,65,50,77,38,1
1,91,5,75,72,23,0
1,12,13,65,71,8,1
1,92,88,54,92,16,1
1,31,56,91,34,41,0
1,38,1,43,98,38,1
1,60,94,97,23,79,1
1,28,85,34,38,65,0
1,97,58,89,65,11,1
1,76,15,62,16,54,0
1,0,11,45,61,48,1
1,76,1,21,8,25,1
1,45,48,76,38,62,1
1,47,58,30,51,12,0
1,78,34,71,54,85,1
1,96,98,73,78,5,0
1,7,69,36,61,8,1
1,60,21,98,11,22,1
1,92,11,25,85,6,1
1,1,3,10,75,28,1
1,27,50,88,95,60,1
1,81,85,17,2,88,1
1,39,62,51,70,87,1
1,37,44,78,57,64,0
1,79,34,46,34,45,1
1,86,41,40,25,12,1
1,57,84,53,51,25,1
1,9,37,1,29,27,0
1,71,87,83,66,0,1
1,85,1,48,66,83,1
1,62,49,47,1,55,1
1,43,91,2,62,92,0
1,9,75,41,32,56,1
1,88,4,32,3,19,1
1,85,92,31,76,1,0
1,65,89,21,6,38,0
1,85,0,57,1,79,1
1,52,39,62,92,74,1
1,24,14,14,65,69,1
1,60,25,44,94,44,1
1,91,80,73,26,69,0
1,19,30,21,31,15,0
1,95,46,62,12,88,1
1,34,13,19,69,66,1
1,40,19,90,46,5,1
1,26,96,32,51,69,1
1,20,13,15,75,18,1
1,9,93,22,18,36,0
1,45,14,24,41,88,1
1,2,53,77,79,18,1
1,57,36,60,30,40,1
1,84,90,61,93,59,0
1,65,50,74,47,41,1
1,18,47,0,5,41,1
1,25,67,17,30,3,0
1,52,24,69,61,34,0
1,65,57,29,6,91,1
1,91,2,36,62,38,1
1,38,26,2,49,60,1
1,53,49,10,48,62,1
1,56,36,4,74,73,1
1,25,69,96,30,39,1
1,12,50,48,70,25,0
1,57,55,20,45,77,1
1,19,76,39,82,36,1
1,74,24,40,46,9,1
1,58,3,59,57,69,1
1,8,29,10,46,15,1
1,53,49,97,25,7,0
1,67,58,27,52,60,1
1,19,9,47,45,55,0
1,38,17,14,12,38,1
1,65,59,22,31,49,0
1,55,38,36,21,98,1
1,9,8,89,1,3,0
1,37,35,84,48,6,1
1,10,85,51,12,73,1
1,96,57,61,27,18,1
1,48,96,71,98,21,1
1,96,19,41,37,17,1
1,39,63,0,9,43,1
1,79,85,26,31,22,1
1,98,50,69,89,90,0
1,28,88,47,72,26,1
1,14,34,2,88,1,0
1,7,26,31,88,99,0
1,68,65,69,8,11,1
1,75,26,23,64,7,1
1,57,49,90,2,22,1
1,25,66,27,56,33,1
1,50,21,71,29,53,1
1,86,13,32,89,35,0
1,83,89,5,16,3,1
1,1,88,58,76,25,1
1,20,81,74,25,36,1
1,35,73,94,92,26,1
1,35,82,99,11,45,1
1,53,74,34,47,16,1
1,60,51,35,31,44,0
1,20,8,33,16,64,0
1,58,45,76,31,65,1
1,34,1,19,75,9,0
1,37,78,65,14,63,0
1,84,10,87,33,97,1
1,90,37,68,24,39,1
1,57,32,45,92,89,1
1,50,27,47,38,53,1
1,32,1,32,14,98,1
1,91,6,13,54,80,0
1,76,0,68,44,69,0
1,98,91,68,6,4,1
1,69,33,22,57,12,0
1,60,18,19,36,6,1
1,48,46,72,99,43,1
1,10,16,24,4,32,1
1,47,53,54,78,14,1
1,85,13,24,33,84,1
1,54,58,21,22,94,0
1,40,8,97,39,57,1
1,11,91,6,19,34,1
1,81,19,61,96,62,1
1,70,87,75,13,92,1
1,54,93,78,47,34,1
1,10,46,28,28,93,1
1,67,92,68,65,47,1
1,51,30,38,15,72,1
1,39,51,76,47,23,1
1,83,47,93,72,65,1
1,11,12,9,63,69,1
1,39,39,75,30,33,1
1,35,88,47,33,98,1
1,27,72,59,51,49,0
1,5,88,64,4,14,1
1,17,15,40,14,90,1
1,82,83,83,42,4,0
1,99,42,74,4,76,1
1,34,84,46,52,84,1
1,77,30,14,58,83,1
1,31,8,70,54,84,1
1,96,57,62,72,68,1
1,7,61,10,20,90,0
1,72,84,77,29,7,0
1,44,90,53,41,64,0
1,46,44,11,36,93,1
1,79,73,42,95,41,1
1,50,76,91,81,95,1
1,3,64,40,82,15,1
1,48,13,18,65,44,1
1,28,17,32,9,7,0
1,13,82,55,18,68,1
1,60,48,41,45,55,1
1,67,52,53,61,14,1
1,13,76,50,17,60,1
1,17,21,47,2,57,1
1,84,27,51,52,51,1
1,91,4,3,14,77,1
1,42,29,86,6,97,1
1,94,91,83,18,86,1
1,50,45,68,99,41,1
1,93,61,86,80,91,1
1,42,54,14,52,72,1
1,43,76,51,61,11,0
1,9,62,1,79,31,1
1,92,96,12,66,61,1
1,5,17,25,14,34,0
1,58,29,70,90,86,1
1,97,78,73,8,16,1
1,93,14,63,42,84,1
1,73,71,14,97,18,1
1,81,91,29,24,77,1
1,90,11,36,81,32,1
1,2,47,71,35,65,1
1,23,10,72,56,9,0
1,79,41,55,18,39,0
1,79,51,22,4,76,1
1,2,55,19,4,26,1
1,30,15,81,65,46,1
1,48,71,69,40,81,0
1,64,46,0,9,93,1
1,80,17,57,62,52,0
1,32,41,28,36,7,1
1,45,52,38,82,91,1
1,25,59,58,52,58,1
1,66,10,22,97,0,1
1,37,11,77,70,56,1
1,2,52,4,72,68,1
1,28,57,19,33,29,1
1,76,28,4,15,96,1
1,87,66,6,6,78,1
1,67,80,25,53,58,1
1,35,41,39,27,28,1
1,28,6,27,89,11,1
1,51,2,3,33,67,1
1,69,33,71,85,92,1
1,6,85,63,93,2,1
1,33,55,30,17,53,1
1,65,83,9,71,24,1
1,99,61,98,5,62,0
1,52,81,10,93,11,1
1,86,90,81,62,56,1
1,42,62,38,12,6,1
1,58,27,8,33,3,1
1,88,3,5,89,67,1
1,66,45,50,8,66,1
1,0,45,39,89,57,0
1,46,26,52,65,14,1
1,87,11,30,57,94,1
1,58,60,80,85,56,1
1,77,97,27,53,57,1
1,2,44,87,74,77,1
1,94,15,27,53,16,1
1,45,90,93,36,92,1
1,67,61,97,59,14,1
1,64,88,38,21,25,1
1,53,7,64,81,86,0
1,53,5,87,83,43,1
1,58,83,60,90,59,0
1,87,32,27,9,74,1
1,71,40,10,64,36,1
1,70,66,89,47,29,1
1,54,62,4,66,12,1
1,87,74,66,93,99,1
1,9,1,96,81,95,1
1,41,79,62,61,91,1
1,50,96,40,17,10,1
1,34,85,60,9,50,1
1,90,15,47,29,52,1
1,57,49,98,46,49,1
1,51,77,10,31,72,1
1,72,19,7,0,68,1
1,63,78,72,25,29,1
1,29,88,63,42,38,1
1,73,78,56,42,45,1
1,79,92,1,0,62,1
1,57,16,36,83,11,1
1,70,64,48,67,39,1
1,20,6,26,65,97,1
1,42,89,90,76,88,1
1,76,84,3,28,39,1
1,69,88,99,61,71,1
1,20,97,26,70,49,1
1,82,13,48,2,60,1
1,92,9,72,96,12,1
1,56,63,60,23,43,1
1,81,32,61,21,22,1
1,13,49,21,75,5,1
1,41,63,38,8,67,1
1,77,58,11,14,24,1
1,11,44,96,23,32,1
1,63,84,93,83,44,1
1,91,18,61,57,41,1
1,17,9,10,37,14,1
1,27,79,83,10,84,1
1,7,56,23,2,11,1
1,73,20,37,36,81,1
1,16,99,56,12,75,1
1,93,98,65,64,15,1
1,80,24,52,70,90,1
1,41,34,22,14,83,1
1,0,75,79,6,32,1
1,74,99,90,57,28,1
1,88,30,28,80,84,1
1,23,2,31,24,65,1
1,63,93,82,76,86,1
1,17,29,76,1,96,1
1,54,95,52,25,46,1
1,49,84,3,75,78,1
1,7,7,45,43,24,1
1,47,41,3,35,27,1
1,76,88,46,75,10,1
1,37,32,49,47,2,1
1,3,35,77,63,60,1
1,24,80,88,68,94,1
1,93,16,45,2,96,1
1,44,66,12,51,88,1
1,37,78,28,99,56,0
1,39,39,53,33,45,1
1,93,18,24,13,16,1
2,6,25,0,34,30,0
2,89,24,53,18,54,0
2,83,78,33,59,12,0
2,64,62,16,73,87,0
2,2,47,45,83,64,0
2,79,89,30,72,3,1
2,37,88,14,55,76,0
2,38,61,55,20,53,0
2,46,97,23,57,28,0
2,15,98,33,67,80,0
2,60,18,25,25,26,0
2,38,35,48,76,9,0
2,31,82,84,99,14,0
2,10,97,39,24,34,0
2,39,86,70,85,97,0
2,44,14,47,83,78,0
2,97,37,3,69,33,0
2,69,89,25,83,32,0
2,85,24,47,13,30,0
2,59,40,30,36,55,0
2,81,73,76,1,1,0
2,3,0,93,92,85,0
2,23,43,70,6,97,0
2,8,11,40,58,40,0
2,42,55,13,99,17,0
2,42,98,99,72,46,0
2,4,76,75,29,10,0
2,75,18,40,23,68,0
2,2,36,14,58,39,0
2,91,6,51,21,47,0
2,70,66,72,16,88,0
2,13,60,61,61,0,0
2,29,40,5,85,69,0
2,18,89,27,12,0,0
2,85,33,24,6,8,0
2,70,4,23,77,41,0
2,24,98,36,79,81,0
2,43,98,98,39,6,0
2,70,47,25,19,37,0
2,7,50,39,43,93,0
2,1,84,37,26,1,0
2,19,25,12,20,20,0
2,50,87,79,21,6,0
2,1,34,96,89,1,0
2,71,39,86,4,23,0
2,76,19,37,23,6,0
2,66,77,1,34,6,0
2,51,42,90,40,89,0
2,13,87,84,97,76,0
2,80,41,6,23,17,0
2,67,14,87,27,70,0
2,3,68,94,77,73,0
2,15,16,23,49,94,0
2,92,22,47,32,66,0
2,66,81,72,34,23,0
2,10,56,36,66,49,0
2,59,68,37,98,57,0
2,47,11,99,24,37,0
2,18,18,56,91,31,0
2,41,55,18,79,56,0
2,62,48,63,53,65,0
2,49,34,41,70,89,0
2,33,73,71,66,70,0
2,0,94,15,84,48,0
2,21,52,52,54,7,0
2,25,15,49,50,5,0
2,39,45,80,48,21,1
2,97,67,87,98,14,0
2,60,58,38,10,20,0
2,41,57,75,67,90,0
2,38,98,64,3,85,0
2,50,17,12,7,79,0
2,29,19,33,93,81,0
2,88,41,34,57,78,0
2,58,22,72,74,95,0
2,32,4,46,78,82,0
2,79,0,35,98,88,0
2,68,14,70,75,63,0
2,34,42,60,48,61,0
2,86,71,67,33,98,0
2,58,44,54,17,82,0
2,17,83,10,2,42,0
2,89,19,20,24,48,0
2,78,60,36,40,74,0
2,57,77,98,12,19,0
2,20,9,13,2,70,0
2,4,13,7,2,57,0
2,89,50,39,60,79,0
2,88,49,13,17,11,0
2,73,31,64,95,69,0
2,98,69,97,16,7,0
2,52,1,12,42,59,0
2,80,32,4,9,46,0
2,84,42,81,9,16,0
2,11,81,47,61,62,0
2,71,3,99,99,53,0
2,20,19,18,9,42,0
2,54,85,80,20,40,0
2,73,39,19,20,68,0
2,46,36,87,91,6,0
2,0,24,30,31,40,0
2,80,25,56,79,67,0
2,95,91,72,66,70,0
2,26,27,26,58,20,0
2,9,38,7,75,84,0
2,17,87,19,10,63,0
2,29,29,9,30,37,0
2,76,63,32,74,77,0
2,41,48,40,6,61,0
2,9,32,7,83,94,0
2,44,32,49,19,98,0
2,76,60,12,80,84,0
2,9,73,74,58,9,0
2,37,90,89,14,33,0
2,85,61,3,21,95,0
2,5,56,2,71,91,1
2,91,91,68,12,14,0
2,61,1,54,1,0,0
2,93,12,45,39,46,0
2,93,64,40,14,41,0
2,26,69,27,44,94,0
2,51,52,84,91,91,0
2,95,56,67,39,56,0
2,45,38,97,23,45,0
2,27,2,79,14,10,0
2,58,96,4,93,37,0
2,26,77,20,34,29,0
2,59,78,86,71,12,0
2,95,18,95,40,34,0
2,84,79,26,48,71,1
2,59,66,24,98,68,0
2,86,61,18,47,0,0
2,39,21,12,10,76,0
2,75,50,87,9,76,0
2,89,12,7,58,30,0
2,66,62,76,99,11,0
2,97,63,54,24,25,0
2,19,90,88,2,56,0
2,24,47,23,69,70,1
2,71,81,53,75,34,0
2,44,43,36,35,56,0
2,88,2,98,62,70,0
2,17,89,70,51,52,0
2,11,24,46,62,11,0
2,35,80,20,31,58,1
2,49,89,22,76,83,1
2,17,85,80,30,73,0
2,57,76,24,36,59,0
2,58,99,16,89,67,0
2,94,73,65,65,83,0
2,46,73,94,7,14,0
2,42,18,54,19,86,0
2,74,86,28,63,99,0
2,39,73,92,55,11,0
2,6,85,47,8,95,1
2,90,86,0,52,77,0
2,82,89,91,3,74,0
2,17,39,68,35,71,0
2,77,71,70,10,33,0
2,39,40,13,94,45,1
2,86,1,19,1,86,0
2,5,19,83,20,82,0
2,64,97,41,9,89,0
2,2,95,71,12,78,0
2,85,8,23,44,86,0
2,1,24,12,93,3,0
2,14,16,25,57,40,0
2,0,44,84,74,43,0
2,31,27,21,48,44,0
2,45,57,95,59,35,0
2,73,12,14,63,17,0
2,26,79,92,35,95,0
2,0,67,39,79,69,0
2,67,94,10,34,51,1
2,21,47,18,60,16,0
2,29,62,46,81,75,0
2,49,26,86,1,1,0
2,25,24,69,60,0,1
2,6,64,1,36,89,0
2,48,91,19,29,67,0
2,61,58,52,2,47,1
2,77,33,49,15,86,0
2,70,92,82,74,19,0
2,17,85,87,11,25,0
2,85,74,40,42,83,0
2,22,70,93,26,58,0
2,21,51,77,0,84,1
2,49,70,26,84,93,0
2,77,92,83,59,0,0
2,13,40,49,94,21,0
2,24,16,19,64,6,1
2,17,14,93,76,68,0
2,59,58,67,24,82,0
2,75,33,46,69,5,0
2,56,77,18,46,18,0
2,63,77,68,71,49,0
2,18,68,64,94,83,0
2,36,82,15,75,31,0
2,50,44,51,20,71,0
2,22,88,68,48,55,0
2,70,74,1,57,19,0
2,24,27,69,6,40,0
2,79,83,79,12,1,0
2,66,61,22,24,69,0
2,11,98,99,86,71,1
2,43,47,45,94,23,0
2,36,25,52,57,53,1
2,97,6,33,93,2,0
2,72,45,32,19,18,0
2,83,53,12,42,27,1
2,37,16,34,8,74,0
2,82,98,54,56,24,0
2,0,35,56,5,93,1
2,85,34,87,58,12,1
2,0,58,11,17,15,0
2,75,65,45,93,80,0
2,98,33,51,11,99,0
2,4,37,42,2,72,0
2,61,60,64,60,55,0
2,67,25,53,88,49,1
2,87,76,9,79,66,1
2,96,74,39,12,22,0
2,94,44,32,24,18,0
2,14,92,99,47,86,0
2,41,88,14,90,95,0
2,83,10,21,41,50,1
2,91,72,97,6,78,0
2,94,89,36,22,47,0
2,36,15,87,17,10,0
2,83,90,2,65,4,1
2,97,23,67,96,10,0
2,81,0,26,96,9,0
2,16,75,7,45,98,0
2,7,71,57,94,88,0
2,20,79,70,90,59,1
2,5,36,67,79,46,0
2,95,82,48,23,93,0
2,86,35,95,46,8,1
2,30,88,37,28,42,0
2,82,63,74,85,35,1
2,70,73,88,28,27,0
2,69,7,17,57,43,0
2,31,11,91,83,13,0
2,29,2,96,77,46,0
2,97,77,81,77,26,1
2,5,43,59,35,5,0
2,72,91,77,87,79,1
2,70,77,12,65,89,0
2,53,0,5,79,15,0
2,59,73,88,20,99,0
2,41,46,63,90,75,0
2,23,86,29,67,45,0
2,64,76,16,91,34,0
2,88,98,24,52,80,0
2,92,39,56,80,2,1
2,89,47,22,14,4,1
2,77,21,93,56,53,0
2,61,14,26,2,41,0
2,10,77,14,30,82,1
2,60,97,76,56,79,0
2,75,66,25,50,62,0
2,96,21,4,50,79,1
2,40,97,77,47,57,1
2,58,74,93,73,70,0
2,41,79,24,70,69,0
2,91,65,57,51,12,0
2,36,66,82,93,22,0
2,57,94,1,75,95,0
2,49,2,1,82,12,0
2,66,34,11,58,24,1
2,61,64,64,21,18,0
2,51,74,19,15,68,1
2,43,36,77,13,85,0
2,37,69,26,7,3,0
2,72,52,29,81,96,1
2,56,46,38,75,60,0
2,48,70,30,1,59,0
2,99,42,34,51,6,0
2,36,0,18,51,32,0
2,38,37,60,59,13,1
2,42,16,24,11,49,1
2,20,68,21,88,66,0
2,35,83,81,92,0,0
2,90,47,95,55,57,0
2,24,54,98,80,66,1
2,24,70,30,19,4,0
2,23,81,4,56,7,0
2,22,61,59,73,69,0
2,89,16,19,24,64,0
2,67,72,29,68,13,0
2,24,35,35,65,39,1
2,62,33,54,41,38,0
2,53,15,68,65,78,0
2,33,85,43,30,8,0
2,2,65,67,91,12,0
2,41,32,64,58,13,1
2,91,54,29,16,41,1
2,81,14,17,51,51,0
2,5,92,44,80,69,1
2,13,46,3,52,32,0
2,12,72,30,72,13,1
2,10,15,75,26,46,0
2,0,23,63,82,1,1
2,85,49,41,16,43,1
2,27,41,54,19,25,0
2,85,27,15,95,26,1
2,3,77,67,17,40,1
2,36,78,1,12,44,0
2,28,70,3,10,33,0
2,35,30,26,17,83,0
2,52,73,74,24,72,0
2,7,29,35,36,83,0
2,54,94,45,48,30,0
2,81,27,5,12,73,1
2,95,74,5,2,19,1
2,79,97,67,35,31,0
2,6,14,14,62,59,0
2,39,19,34,85,14,0
2,17,49,94,64,13,1
2,54,42,94,25,5,0
2,33,36,45,77,26,0
2,83,44,70,18,60,0
2,72,4,71,38,20,0
2,64,55,10,96,73,0
2,32,14,28,9,33,1
2,68,69,73,93,19,1
2,57,5,56,63,90,0
2,41,42,4,53,16,0
2,24,43,16,31,16,0
2,57,25,81,28,99,0
2,23,56,43,68,22,0
2,96,20,51,98,0,0
2,68,0,54,58,40,0
2,67,41,85,67,63,1
2,12,29,74,59,9,1
2,70,25,21,12,76,0
2,0,96,81,60,76,0
2,11,66,75,74,81,0
2,70,42,81,28,97,1
2,27,88,76,74,57,1
2,12,67,67,48,35,0
2,82,22,51,56,23,0
2,33,96,38,28,36,0
2,57,75,22,52,68,0
2,73,20,65,40,6,1
2,32,26,73,19,10,0
2,16,17,73,83,98,0
2,68,2,73,50,79,0
2,66,19,94,13,11,0
2,53,33,88,15,3,0
2,2,12,0,7,85,0
2,93,18,37,7,37,1
2,17,37,23,95,10,0
2,69,34,92,7,74,0
2,45,12,93,1,2,0
2,45,52,11,60,56,1
2,71,50,95,42,81,0
2,92,71,14,33,37,1
2,26,84,8,52,36,1
2,67,23,3,68,78,0
2,13,16,23,28,96,1
2,77,85,4,97,63,0
2,73,62,58,98,31,1
2,77,14,82,66,65,1
2,17,5,53,75,42,1
2,76,0,96,3,5,0
2,79,80,63,34,8,0
2,29,78,45,37,3,0
2,99,41,10,93,83,0
2,50,81,27,64,46,0
2,60,13,51,7,47,0
2,64,31,81,8,70,1
2,6,39,3,69,74,1
2,59,6,28,42,47,0
2,32,68,94,49,44,1
2,59,53,47,85,67,1
2,77,23,60,56,35,0
2,97,51,3,97,36,1
2,8,56,93,1,36,0
2,13,90,98,87,76,1
2,74,5,19,72,34,0
2,30,62,9,2,41,1
2,21,59,65,14,56,0
2,0,79,99,56,16,1
2,25,4,79,44,46,1
2,74,57,74,43,92,0
2,91,31,66,44,86,0
2,86,17,82,23,80,1
2,73,51,83,18,70,1
2,36,26,13,13,21,0
2,54,28,8,71,38,0
2,70,9,5,93,57,0
2,83,89,70,17,40,1
2,63,87,87,58,67,0
2,64,74,15,97,10,1
2,17,32,27,77,98,0
2,61,91,78,47,66,1
2,4,84,93,68,74,0
2,38,49,8,17,3,0
2,33,80,58,58,87,0
2,45,96,15,58,30,0
2,16,56,44,54,20,1
2,29,52,67,89,65,1
2,19,85,36,92,74,1
2,83,31,33,89,24,0
2,25,97,22,23,82,1
2,96,23,98,45,76,0
2,15,48,42,83,59,0
2,84,39,5,55,85,1
2,33,60,44,94,25,0
2,85,11,83,86,54,0
2,97,55,79,91,75,0
2,68,68,28,75,23,0
2,86,54,35,67,38,0
2,67,96,17,95,18,0
2,37,24,50,41,78,1
2,59,29,60,71,45,0
2,37,72,49,50,39,1
2,65,14,28,21,34,1
2,98,22,24,43,13,1
2,14,58,90,90,37,0
2,10,90,25,98,50,1
2,65,90,58,34,56,0
2,67,27,99,53,30,0
2,58,90,91,10,41,0
2,94,15,62,64,6,1
2,52,25,1,86,98,1
2,32,74,84,69,90,1
2,18,16,63,43,99,0
2,77,38,35,45,84,1
2,46,58,62,22,24,1
2,89,89,38,76,7,0
2,90,33,1,69,19,0
2,87,48,13,7,76,1
2,37,68,88,53,15,1
2,37,59,81,81,89,0
2,71,37,85,61,74,1
2,12,22,81,45,84,0
2,23,17,53,75,86,1
2,67,18,14,11,8,0
2,76,38,35,88,34,0
2,61,15,39,86,7,1
2,7,49,59,76,79,0
2,76,85,55,81,31,0
2,63,65,50,27,56,0
2,11,12,63,0,8,0
2,67,51,2,51,11,1
2,63,37,51,55,3,1
2,34,78,69,42,52,1
2,7,78,29,33,66,0
2,18,82,18,78,32,1
2,93,9,95,24,55,0
2,5,3,22,95,69,1
2,25,40,36,70,23,0
2,86,65,55,26,5,0
2,90,94,17,93,71,0
2,15,29,28,92,20,0
2,95,8,17,19,2,0
2,69,29,82,37,33,1
2,66,47,34,54,68,1
2,38,93,59,81,16,1
2,75,80,93,28,63,1
2,43,60,67,94,77,1
2,15,74,61,6,55,0
2,33,54,62,75,2,1
2,3,67,90,3,48,1
2,91,69,20,81,52,1
2,80,53,90,52,87,0
2,86,63,1,1,23,0
2,19,34,29,49,60,0
2,31,7,70,14,7,1
2,62,57,45,59,84,0
2,44,35,79,92,69,0
2,6,33,87,22,79,1
2,95,27,46,41,45,1
2,70,3,69,62,20,1
2,93,7,58,72,47,1
2,47,69,13,72,36,1
2,10,62,99,40,13,0
2,28,36,42,41,43,0
2,68,59,43,29,89,0
2,12,75,45,70,83,1
2,30,67,59,97,80,0
2,59,53,7,33,47,0
2,52,59,88,20,66,0
2,69,50,92,73,4,0
2,20,81,32,80,97,1
2,7,37,26,56,15,1
2,21,11,72,94,39,1
2,66,78,30,67,9,0
2,59,96,22,4,81,0
2,11,30,57,88,95,1
2,56,6,52,43,67,0
2,88,70,76,38,70,0
2,66,81,61,51,22,1
2,54,96,28,96,39,0
2,51,63,46,84,85,1
2,35,95,91,47,25,1
2,71,3,66,4,23,0
2,82,55,68,51,72,1
2,74,29,41,88,76,1
2,23,77,32,40,53,1
2,73,9,84,62,86,0
2,17,42,56,84,4,0
2,87,1,41,35,69,0
2,28,99,97,96,52,1
2,8,24,80,56,7,1
2,86,21,63,47,48,0
2,2,72,90,55,24,1
2,63,41,81,8,66,1
2,95,8,37,13,72,1
2,85,92,57,42,85,0
2,91,66,24,59,53,1
2,75,59,37,29,60,0
2,3,64,52,94,49,0
2,18,30,65,33,96,0
2,96,95,90,42,61,0
2,75,29,24,34,57,1
2,84,68,36,60,62,1
2,57,23,13,59,22,0
2,97,95,86,56,65,0
2,83,44,40,83,31,1
2,89,85,60,42,62,0
2,45,74,90,41,7,1
2,28,91,6,11,15,1
2,6,19,61,69,41,1
2,16,90,31,54,39,1
2,67,78,86,98,75,1
2,44,88,90,64,39,0
2,89,48,57,54,80,0
2,34,79,39,50,5,1
2,9,52,67,14,59,1
2,27,97,21,94,23,1
2,55,0,67,53,63,1
2,17,21,38,10,85,1
2,28,43,80,71,7,0
2,17,97,13,1,72,1
2,17,20,10,52,92,0
2,1,88,21,44,74,0
2,37,0,11,48,38,0
2,13,72,62,83,62,1
2,18,20,66,37,79,0
2,22,77,23,95,70,1
2,85,47,84,75,27,1
2,14,94,26,12,69,1
2,84,93,85,41,58,1
2,93,59,18,84,94,0
2,29,72,67,8,4,0
2,41,50,44,58,35,1
2,61,13,85,64,4,0
2,87,67,53,63,77,1
2,93,57,23,59,99,0
2,82,46,57,90,76,0
2,13,56,23,15,54,0
2,47,16,30,81,34,1
2,12,17,38,52,26,1
2,91,88,8,89,56,0
2,25,89,12,20,79,1
2,75,41,8,68,7,0
2,28,7,73,42,36,1
2,90,61,73,15,91,0
2,16,65,64,60,86,0
2,63,25,33,91,86,0
2,0,41,99,5,58,1
2,86,51,12,56,81,1
2,99,81,9,53,64,0
2,81,1,41,76,68,0
2,10,84,78,4,99,1
2,44,49,98,85,26,0
2,33,99,58,68,21,0
2,64,10,35,6,3,0
2,53,24,68,31,79,1
2,36,70,27,74,17,1
2,67,36,2,83,52,0
2,66,45,33,18,91,1
2,43,51,26,80,35,1
2,15,23,37,73,32,1
2,70,18,57,42,10,0
2,21,68,67,13,11,1
2,26,9,16,81,58,1
2,18,20,43,44,96,1
2,47,83,10,25,26,0
2,54,37,33,29,55,1
2,27,9,45,21,4,1
2,73,49,57,26,83,0
2,6,14,91,87,14,1
2,67,28,19,90,12,1
2,53,74,82,26,90,1
2,66,73,88,18,78,0
2,73,71,81,71,67,1
2,54,76,6,42,75,0
2,43,0,70,89,2,1
2,27,75,57,13,55,0
2,68,48,57,63,83,1
2,47,79,10,76,25,1
2,46,29,10,97,63,0
2,61,75,58,18,74,1
2,2,3,60,16,84,0
2,35,93,92,69,41,1
2,36,2,0,74,78,0
2,83,57,93,14,31,1
2,73,79,51,48,74,1
2,21,51,5,78,31,0
2,71,85,88,32,70,0
2,15,3,4,79,31,0
2,25,22,64,19,8,1
2,70,39,30,20,10,0
2,89,63,7,87,49,1
2,1,58,89,43,9,1
2,91,85,76,26,94,1
2,6,18,87,43,22,0
2,4,8,9,63,21,0
2,47,75,98,82,73,1
2,88,51,58,55,54,1
2,36,31,51,33,12,1
2,79,72,34,61,15,0
2,28,85,16,93,45,1
2,12,35,71,24,5,1
2,68,13,60,46,95,1
2,19,15,47,71,52,1
2,80,20,18,76,25,1
2,11,30,15,33,17,1
2,73,34,87,52,13,0
2,82,57,87,62,50,1
2,69,78,71,3,76,1
2,62,88,83,84,12,1
2,7,99,38,23,33,1
2,35,9,67,86,31,0
2,83,72,26,93,11,0
2,9,23,38,44,97,1
2,36,39,78,71,98,1
2,88,65,10,95,76,1
2,33,21,52,83,44,0
2,27,53,68,42,37,0
2,24,85,14,72,79,1
2,54,69,28,44,89,0
2,80,16,89,39,73,0
2,72,66,99,59,11,0
2,85,58,89,70,11,1
2,51,20,6,7,71,1
2,63,93,35,45,41,0
2,86,79,92,47,61,1
2,34,57,0,53,51,0
2,19,8,81,88,45,0
2,64,1,94,53,36,1
2,11,18,85,91,54,1
2,10,82,9,16,86,1
2,8,56,82,68,89,1
2,32,34,34,93,15,1
2,97,0,73,66,50,1
2,75,18,66,83,48,0
2,51,3,54,51,46,1
2,29,89,22,92,24,1
2,68,42,20,26,96,0
2,94,80,50,1,19,0
2,83,6,10,55,99,1
2,15,20,82,45,53,1
2,41,70,51,16,65,0
2,83,75,42,51,61,1
2,62,48,97,55,53,0
2,8,98,94,45,75,1
2,39,27,3,84,66,1
2,93,70,1,77,17,1
2,30,94,90,76,56,0
2,40,40,12,70,67,0
2,6,32,73,96,94,1
2,55,53,21,60,69,1
2,15,91,44,74,78,1
2,76,28,42,37,81,1
2,93,78,46,24,32,1
2,30,78,76,75,61,1
2,22,48,53,82,22,1
2,63,86,25,55,66,1
2,18,71,2,31,91,0
2,2,35,30,73,56,1
2,41,7,55,20,91,1
2,44,24,75,31,28,1
2,81,43,98,22,16,1
2,88,66,63,70,48,1
2,30,91,70,76,61,1
2,75,69,2,58,68,1
2,63,39,45,67,5,1
2,74,38,7,79,46,1
2,20,63,46,83,58,1
2,14,33,57,16,51,0
2,96,20,93,10,60,1
2,6,42,67,66,8,0
2,76,28,38,72,66,1
2,25,9,40,35,89,1
2,42,91,10,60,58,1
2,26,35,61,53,47,0
2,78,16,19,31,75,1
2,97,20,63,1,93,1
2,52,33,52,62,9,1
2,28,41,93,83,29,0
2,44,36,21,52,21,1
2,5,52,43,91,49,0
2,60,57,58,5,95,1
2,45,87,56,15,10,1
2,63,37,15,79,17,1
2,22,77,70,26,24,1
2,2,90,28,12,94,1
2,48,84,61,73,45,1
2,49,33,75,80,13,1
2,8,39,21,67,16,1
2,0,96,81,88,78,1
2,13,93,28,38,55,1
2,17,55,40,61,57,1
2,44,43,85,37,6,1
2,38,90,52,86,66,1
2,48,64,28,56,81,1
2,70,87,19,47,79,1
2,37,0,68,7,37,0
2,74,28,26,92,10,1
2,44,11,34,33,76,1
2,44,55,76,14,72,1
2,32,84,43,91,68,1
2,84,27,53,96,90,1
2,63,16,37,31,49,1
2,12,29,18,70,94,1
2,7,75,51,40,30,0
2,53,15,73,34,90,0
2,33,34,86,71,13,1
2,41,63,4,1,11,0
2,63,44,0,25,79,0
2,5,20,56,78,76,1
2,29,97,4,28,59,1
2,63,16,70,32,65,1
2,85,35,79,36,25,1
2,93,90,12,49,73,1
2,56,26,89,37,20,0
2,47,19,51,4,38,1
2,12,26,70,80,1,1
2,59,70,95,80,21,0
2,85,24,70,89,42,0
2,71,37,70,66,39,1
2,60,81,61,96,61,0
2,81,19,76,27,2,1
2,94,95,69,96,47,0
2,71,67,4,37,68,1
2,50,16,96,36,99,1
2,76,4,10,68,46,1
2,81,34,34,61,99,1
2,14,6,39,88,97,1
2,0,7,40,49,23,1
2,27,23,24,55,20,1
2,52,75,15,83,33,1
2,26,35,39,55,5,1
2,23,40,52,57,70,1
2,33,78,26,18,46,1
2,66,45,95,39,48,1
2,45,43,69,19,78,1
2,27,93,82,74,78,0
2,14,97,84,5,9,1
2,99,64,86,54,42,1
2,23,51,73,54,65,1
2,89,90,55,92,57,0
2,59,53,48,69,82,1
2,26,25,86,90,38,1
2,84,83,62,62,77,1
2,98,41,15,98,51,0
2,12,52,23,33,16,1
2,20,14,58,8,51,1
2,0,34,27,48,67,0
2,71,19,16,55,73,1
2,88,76,40,23,83,1
2,7,84,68,36,86,1
2,84,84,18,62,55,1
2,18,30,31,51,58,1
2,9,30,39,44,44,1
2,33,14,76,43,69,1
2,98,64,23,53,46,1
2,40,72,40,93,1,1
2,72,58,63,61,73,1
2,41,31,32,29,26,0
2,36,96,87,47,55,1
2,15,93,39,26,37,1
2,76,15,0,50,11,1
2,14,35,22,86,82,1
2,21,68,29,11,5,0
2,2,68,19,2,31,1
2,45,31,65,13,57,0
2,78,2,65,52,77,1
2,94,98,83,64,21,1
2,30,9,66,46,57,0
2,87,6,94,44,73,1
2,75,3,37,8,43,1
2,3,25,96,92,15,1
2,58,95,84,27,80,1
2,62,34,75,14,66,1
2,64,37,77,67,15,1
2,26,90,98,28,0,1
2,51,71,3,41,81,0
2,48,43,53,60,40,0
2,21,63,17,57,89,1
2,59,64,81,93,77,1
2,44,37,72,18,31,1
2,70,14,46,47,55,1
2,33,25,4,30,7,0
2,85,99,0,33,29,0
2,58,9,58,74,13,1
2,51,35,97,80,70,1
2,81,63,30,56,22,1
2,27,85,10,71,49,1
2,41,40,49,50,55,1
2,37,64,58,29,92,1
2,58,43,61,74,60,0
2,46,45,19,18,53,1
2,87,49,37,79,0,1
2,88,83,82,12,69,0
2,15,88,59,5,13,1
2,9,65,90,99,88,1
2,45,92,46,68,27,1
2,75,70,33,25,84,1
2,27,76,26,41,1,1
2,60,74,75,92,74,1
2,69,50,39,61,43,1
2,9,10,56,86,63,1
2,12,81,79,75,34,0
2,2,64,84,24,74,1
2,61,1,65,28,92,1
2,94,13,99,46,99,0
2,59,36,14,12,99,1
2,47,24,7,39,72,1
2,31,73,48,54,83,1
2,94,0,97,75,76,1
2,68,65,51,34,10,1
2,3,49,30,72,91,1
2,18,63,30,48,19,1
2,84,7,44,89,99,1
2,95,51,87,35,7,0
2,27,63,32,35,44,1
2,15,93,2,92,38,1
2,39,26,51,13,89,1
2,29,58,76,5,87,1
2,8,44,56,52,14,1
2,60,56,2,80,36,1
2,83,81,51,26,97,1
2,51,8,24,26,30,1
2,29,83,28,36,61,0
2,79,73,9,43,54,1
2,69,13,74,35,44,1
2,60,54,56,33,49,0
2,83,16,9,56,77,0
2,42,6,55,65,59,1
2,64,74,9,36,99,1
2,1,63,70,30,52,1
2,26,88,2,18,4,1
2,87,50,93,82,14,1
2,78,92,62,70,75,1
2,26,36,79,7,90,1
2,13,43,29,52,14,1
2,16,56,54,95,37,1
2,59,24,19,74,30,1
2,78,48,83,99,10,1
2,29,84,0,0,7,1
2,73,98,43,62,68,1
2,23,96,51,12,36,1
2,74,76,59,55,59,1
2,90,42,88,48,72,1
2,91,54,87,59,82,1
2,80,14,94,86,92,1
2,3,37,76,68,53,1
2,73,87,78,59,24,1
2,24,91,46,33,7,1
2,10,35,73,96,63,1
2,8,0,66,31,87,1
2,51,3,2,0,71,0
2,38,8,64,57,49,1
2,14,28,68,26,77,1
2,52,69,14,60,46,0
2,86,75,84,3,27,1
2,26,66,31,74,2,1
2,98,19,48,28,56,1
2,91,2,11,80,58,1
2,48,80,81,65,26,1
2,33,6,87,60,59,0
2,84,11,27,20,95,1
2,71,54,2,2,16,1
2,21,36,76,79,0,1
2,77,25,41,12,21,1
2,51,70,92,18,30,1
2,61,8,10,5,83,1
2,49,67,40,89,96,1
2,99,15,51,6,8,1
2,90,33,32,12,19,1
2,34,49,35,44,68,1
2,41,44,6,92,32,1
2,4,90,51,54,40,1
2,90,4,37,45,97,1
2,32,69,53,38,85,1
2,71,8,92,2,68,1
2,64,56,60,28,45,1
2,55,86,17,58,85,0
2,56,7,4,19,86,1
2,19,13,57,18,26,1
2,9,16,95,60,79,1
2,80,11,65,19,78,1
2,51,79,22,62,82,1
2,75,40,35,58,36,1
2,70,22,65,95,18,1
2,30,34,30,17,85,1
2,2,65,20,94,96,1
2,37,58,90,2,14,1
2,52,25,62,15,19,1
2,26,86,73,76,3,1
2,42,49,56,78,75,1
2,47,10,84,89,64,1
2,7,6,20,58,22,1
2,46,74,67,86,72,1
2,24,75,27,4,36,0
2,21,26,47,7,99,1
2,29,3,28,66,51,1
2,27,32,89,72,29,1
2,71,58,54,27,13,1
2,30,28,50,71,19,1
2,73,36,38,54,24,1
2,71,54,99,78,55,1
2,3,58,9,56,61,1
2,6,25,55,19,51,1
2,62,89,28,61,6,1
2,29,28,99,27,24,1
2,56,66,29,72,63,1
2,72,33,99,3,2,1
2,34,10,53,53,14,1
2,93,59,73,64,41,1
2,7,62,10,75,78,1
2,3,30,3,18,85,1
2,65,62,58,38,26,1
2,41,76,47,93,18,1
2,57,18,18,29,59,1
2,70,6,19,68,47,1
2,98,8,8,45,94,1
2,90,19,77,85,60,1
2,30,84,66,9,40,1
2,38,89,96,3,33,1
2,91,57,5,75,25,1
2,48,5,26,95,56,1
2,67,68,60,88,32,1
2,45,34,79,6,99,1
2,21,98,74,12,53,1
2,62,69,90,87,46,1
2,22,21,78,40,29,1
2,27,58,93,86,50,1
2,75,83,90,2,55,1
2,24,88,98,85,61,1
2,79,51,38,18,12,1
2,6,66,5,6,23,1
2,53,67,63,91,25,1
2,38,9,85,41,69,1
2,32,63,98,61,14,1
2,91,86,68,73,92,1
2,52,93,27,47,68,1
2,52,84,84,87,22,1
2,88,2,72,47,64,1
2,6,9,65,84,22,1
2,40,93,22,96,27,1
2,11,29,84,87,11,1
2,56,89,79,79,97,1
2,40,98,78,31,73,1
2,17,24,99,90,31,1
2,29,23,88,63,63,1
2,39,24,90,22,62,1
2,95,60,56,25,14,1
2,54,28,37,58,51,1
2,23,72,70,87,55,1
2,45,16,4,72,99,1
2,24,88,98,87,11,1
2,70,25,51,38,47,1
2,24,42,26,16,80,1
2,30,2,54,49,98,1
2,26,12,53,93,29,1
2,77,0,24,90,6,1
2,55,85,60,27,62,1
2,0,22,3,77,71,1
2,46,57,26,69,12,1
2,35,74,29,8,85,1
2,27,31,71,80,18,1
2,17,65,39,46,78,1
2,72,26,99,52,88,1
2,1,23,4,36,91,0
2,67,99,71,61,83,1
2,86,7,62,84,52,1
2,7,2,80,47,1,1
2,38,13,66,98,1,1
2,92,10,19,38,67,1
2,75,58,76,67,58,1
2,31,1,45,49,91,1
2,45,17,16,23,17,0
2,82,83,61,18,5,1
2,7,74,57,93,97,1
2,26,41,90,28,77,1
2,37,24,88,50,64,1
2,4,64,10,16,71,1
2,48,48,2,49,12,1
2,90,87,68,54,60,1
2,3,50,22,86,19,1
2,83,86,5,82,71,1
2,10,79,56,28,85,1
2,88,94,79,80,14,1
