X0,X1,X2,X3,Y
84,31,30,64,61,0
98,97,49,4,11,0
24,61,25,41,5,0
76,1,69,73,36,0
51,90,84,15,31,0
0,21,58,28,18,0
5,41,28,48,14,0
13,78,97,93,12,0
65,38,95,44,9,0
32,29,98,9,28,0
95,19,47,12,25,1
51,32,97,23,45,0
77,65,90,36,21,0
60,29,53,38,27,0
63,53,78,61,50,0
57,25,96,40,68,0
25,77,11,35,6,0
62,86,51,18,49,0
2,44,4,37,81,0
69,66,45,17,93,1
97,85,65,22,32,0
24,75,40,14,93,0
2,2,68,50,98,0
85,60,95,17,54,0
31,76,0,88,42,0
81,12,12,0,70,0
31,27,57,85,2,0
27,93,46,68,56,0
48,77,22,94,78,0
19,17,39,59,0,0
60,38,94,98,82,0
56,0,36,89,60,0
82,14,56,3,31,0
28,69,39,23,46,0
79,40,39,67,25,0
29,27,88,98,20,0
3,84,40,94,65,0
97,53,84,6,44,0
54,98,59,47,68,0
8,0,34,29,86,0
52,13,79,48,30,0
10,68,45,38,97,0
61,80,3,63,68,0
23,39,93,3,30,0
26,80,16,89,14,0
49,32,11,97,97,0
88,29,79,50,12,0
93,5,69,1,55,0
27,79,39,60,75,0
48,87,82,24,24,0
64,75,34,26,44,0
9,74,52,82,51,0
92,41,33,43,33,0
52,72,30,35,26,0
59,58,67,94,97,0
90,65,30,10,68,0
85,97,12,87,22,0
20,71,11,88,78,0
42,85,5,90,94,0
22,87,13,40,73,0
79,13,89,25,34,0
94,45,17,32,95,0
19,38,47,94,76,0
92,53,30,6,87,0
39,58,88,71,39,0
91,42,37,91,5,0
98,70,59,44,49,0
60,34,26,96,57,0
20,34,70,55,78,0
44,73,59,22,21,0
81,58,49,13,70,0
4,36,36,70,50,0
41,89,59,91,89,0
87,93,69,24,53,0
57,62,8,47,22,0
80,62,48,89,1,0
0,11,24,99,14,0
83,12,21,68,33,0
13,47,95,74,77,0
0,91,88,64,50,0
20,83,94,52,83,0
68,80,59,46,11,0
93,28,98,79,13,0
47,97,46,85,81,0
24,12,68,31,90,0
91,75,90,77,92,0
86,10,98,45,71,0
85,65,98,57,88,0
70,20,63,83,51,0
32,10,84,6,9,0
13,97,97,98,60,0
63,91,4,89,31,0
23,39,92,87,91,0
46,83,83,34,75,0
82,76,25,83,87,0
79,21,89,69,13,0
57,1,20,48,0,0
57,83,17,86,85,0
83,56,6,76,26,0
12,66,78,64,61,0
80,76,28,77,6,0
27,67,81,75,52,1
20,28,55,75,99,0
20,47,25,81,76,0
43,0,28,86,72,0
60,69,42,80,26,0
33,47,50,12,83,0
82,33,63,61,15,0
59,75,3,80,50,0
6,36,40,13,15,0
5,83,60,55,61,0
27,20,57,82,25,0
76,73,47,86,61,1
44,29,28,79,65,0
23,83,22,61,93,1
79,74,86,75,55,0
41,74,51,98,69,0
49,74,63,63,75,0
2,53,46,32,90,0
39,80,78,25,31,1
25,54,40,61,12,0
92,7,83,89,45,0
95,18,24,53,78,0
92,61,59,40,44,0
91,48,52,49,74,0
48,10,46,11,35,0
56,66,77,89,22,0
21,15,82,79,12,0
17,55,72,10,29,0
17,96,92,74,10,0
47,76,26,49,19,0
54,66,35,86,31,0
45,69,61,75,75,0
7,15,91,65,66,0
43,54,20,93,6,0
68,21,46,34,90,0
17,26,45,89,50,0
14,3,49,13,65,0
79,85,48,29,63,0
34,72,57,45,45,0
55,98,86,47,28,0
61,41,0,78,84,1
61,79,68,75,82,0
38,82,52,3,0,0
96,23,33,6,40,0
27,98,4,20,5,0
42,8,24,72,50,0
71,93,70,14,4,0
53,67,86,62,16,0
83,33,64,37,24,0
9,81,99,57,57,0
69,48,82,33,41,0
0,92,30,8,55,0
24,25,61,91,94,0
52,76,13,76,77,0
6,62,21,80,0,1
51,91,47,85,15,0
22,65,40,76,0,0
8,91,6,22,37,0
2,81,79,23,83,0
86,88,96,13,59,0
18,10,90,24,71,0
44,17,59,76,71,0
51,60,75,42,29,0
43,46,61,58,67,0
82,71,30,5,13,0
56,49,30,27,63,0
61,47,3,21,21,0
72,51,59,29,3,0
83,40,55,25,4,0
16,67,7,38,66,0
70,96,43,87,45,0
65,26,76,33,14,0
15,35,27,25,88,0
6,60,2,15,20,0
20,55,97,50,18,0
21,62,64,62,31,0
83,45,89,75,78,1
55,99,73,45,5,0
52,52,18,8,29,0
50,35,31,37,22,0
69,34,39,18,25,0
47,73,53,71,48,0
60,60,58,3,95,0
24,94,17,42,89,0
73,24,65,32,36,0
21,90,32,17,0,0
84,67,12,42,67,0
5,66,4,73,0,0
17,96,54,11,17,0
37,33,43,14,28,0
40,70,23,62,28,0
30,88,68,70,60,0
7,55,3,20,64,0
48,22,33,51,58,0
8,38,74,64,7,0
21,46,34,2,99,1
69,43,54,21,99,0
90,35,79,35,35,0
74,99,0,19,4,0
29,79,78,91,15,0
6,69,12,50,24,0
18,32,22,57,65,1
64,82,22,23,53,0
54,38,91,54,87,0
84,52,50,99,96,0
61,37,90,26,63,0
56,33,95,60,95,0
69,13,80,68,24,0
90,66,17,18,72,0
52,76,4,53,51,1
45,56,58,8,85,0
24,21,13,48,70,0
42,72,91,32,69,0
89,58,34,27,16,0
17,80,69,13,87,0
40,60,83,95,27,0
42,43,75,29,9,0
80,79,66,77,20,0
43,80,24,61,11,0
12,35,47,91,52,0
47,6,88,62,2,0
61,81,37,83,2,0
33,94,73,57,46,1
45,20,86,31,5,1
59,28,24,91,98,0
55,72,68,10,18,0
27,60,87,16,65,1
43,5,41,24,69,0
68,80,71,88,9,0
28,62,56,28,70,0
81,22,37,46,33,0
62,83,65,26,13,0
4,11,64,30,25,0
81,18,91,60,3,1
78,9,96,91,29,0
14,3,14,8,74,0
80,92,58,34,63,1
87,23,91,42,75,0
80,58,80,61,86,0
33,60,72,58,35,0
61,39,10,95,36,0
24,91,17,47,44,0
59,25,79,81,91,0
37,24,60,77,63,0
66,10,24,38,31,0
22,1,50,14,41,0
15,15,4,36,83,1
41,63,58,20,60,1
36,35,23,98,91,0
22,2,74,75,84,0
95,96,85,37,64,0
76,37,71,58,49,0
69,43,72,69,20,0
33,37,87,77,5,0
78,50,6,54,84,0
19,88,85,27,99,0
70,80,20,28,7,1
40,32,83,19,46,0
86,27,61,58,39,0
6,99,36,47,71,0
51,36,11,32,86,0
47,56,94,57,72,0
21,5,52,95,0,1
14,77,13,84,7,0
37,99,87,57,51,0
45,6,79,7,69,0
54,76,1,24,86,0
93,93,32,54,44,1
0,87,77,63,59,0
98,81,1,37,79,0
81,45,26,73,89,1
66,36,25,78,28,0
57,16,96,33,30,0
6,30,76,41,33,0
65,54,86,66,85,0
30,88,34,23,55,0
19,58,99,61,28,0
35,11,65,26,56,0
1,36,50,86,31,0
97,88,51,95,47,0
28,88,7,80,15,0
87,96,49,71,68,0
19,96,81,6,28,0
35,33,0,22,62,0
88,79,16,88,47,0
40,70,22,79,44,0
81,53,72,60,78,0
27,40,30,41,66,0
6,58,26,58,68,0
20,72,73,87,82,1
17,61,72,99,3,0
38,40,24,17,31,0
49,88,25,83,44,0
52,4,68,5,23,0
81,12,44,99,31,0
16,54,21,53,29,0
9,74,55,75,56,0
53,65,31,85,70,0
25,18,35,27,49,0
59,26,15,74,84,0
96,5,51,68,53,0
42,69,39,26,85,0
74,44,83,99,26,1
48,15,57,78,15,0
16,85,94,83,63,0
45,92,52,50,87,1
6,32,57,46,64,0
77,40,89,65,1,1
66,90,2,30,45,0
95,10,29,87,71,1
32,58,99,29,62,0
98,24,66,9,98,0
55,3,87,26,78,0
90,49,43,73,90,0
93,85,48,66,38,0
38,8,78,31,47,0
77,47,62,76,61,0
81,23,7,23,84,0
54,68,53,4,75,0
46,83,43,26,21,0
84,81,74,38,42,0
92,8,55,61,52,1
80,81,45,0,10,0
68,54,77,42,49,0
5,2,26,81,34,0
7,78,15,84,77,0
87,43,45,24,30,1
66,21,62,79,73,0
42,48,12,78,49,0
85,67,7,9,78,0
40,34,33,21,69,0
64,41,60,50,91,0
76,19,2,57,52,0
81,6,80,22,42,0
89,83,26,68,93,0
64,75,39,90,30,1
43,15,69,59,0,0
74,81,87,13,13,0
29,78,31,70,64,0
75,1,86,9,2,1
37,3,54,45,4,0
95,95,34,60,76,0
27,63,50,94,10,0
79,32,54,79,38,0
34,23,92,31,54,0
47,22,30,53,42,0
32,29,74,58,85,1
7,49,19,55,80,0
68,12,66,13,97,0
44,9,37,28,8,0
87,76,5,29,22,0
1,70,78,37,54,1
19,72,16,67,0,1
16,77,40,94,92,0
97,7,17,86,29,0
67,24,56,92,52,0
30,22,57,61,17,0
22,87,87,2,78,0
93,35,94,53,42,0
3,38,46,36,91,0
67,77,5,57,78,1
4,89,42,10,58,0
14,39,63,7,25,1
35,57,61,57,94,0
86,77,28,75,5,1
70,51,59,77,6,0
19,79,80,52,15,0
28,15,77,36,50,0
81,7,28,15,11,1
93,54,57,94,73,0
33,88,56,15,79,0
24,29,90,58,33,0
96,78,75,85,20,0
77,76,90,33,86,1
95,54,68,30,82,0
85,9,46,19,20,0
69,44,47,30,22,0
32,63,70,6,36,1
52,65,76,33,26,1
77,42,94,42,45,0
66,29,87,33,99,0
89,78,22,28,60,0
96,90,83,32,99,0
23,54,50,91,40,0
12,1,72,68,25,0
74,77,55,11,20,0
71,21,72,88,95,0
78,48,39,36,25,0
62,99,80,94,25,1
81,38,61,5,41,0
32,95,96,44,77,0
53,2,5,10,32,0
21,81,2,59,53,0
81,91,62,26,0,0
65,24,65,68,27,0
8,54,22,0,46,1
19,93,94,93,56,0
77,33,58,99,10,0
45,94,81,5,34,0
76,85,60,8,19,1
33,39,38,86,44,0
99,90,88,88,34,0
9,30,67,21,46,1
95,2,14,55,29,0
11,64,42,28,45,0
15,31,65,73,16,0
95,3,2,72,76,1
47,68,54,28,16,0
46,4,19,47,16,0
61,70,25,31,76,0
5,26,50,79,68,0
16,55,76,54,44,0
81,79,3,49,36,0
32,72,6,34,90,1
79,55,42,38,80,1
1,7,58,24,25,0
88,39,93,61,67,1
23,20,65,17,17,1
16,26,4,32,53,0
77,29,52,39,32,1
64,39,9,30,60,1
22,11,9,98,37,0
59,55,15,95,46,1
52,11,20,39,21,0
16,23,5,56,69,0
13,68,53,98,60,1
90,50,30,81,51,0
61,0,13,25,89,0
62,14,7,99,12,0
44,16,69,17,42,1
73,35,12,81,85,0
0,92,61,7,58,1
3,23,33,56,92,0
95,86,94,51,23,0
38,25,45,8,47,0
12,29,86,5,79,1
34,97,14,15,45,0
54,42,28,6,44,0
39,95,1,34,34,0
10,96,91,67,45,0
15,3,44,39,88,0
73,5,76,11,18,0
31,1,73,60,16,1
57,51,90,40,61,0
96,86,36,38,3,0
42,37,82,98,1,0
42,7,9,65,51,0
60,83,71,44,2,0
50,74,89,5,8,0
88,73,65,5,6,0
1,47,79,97,82,0
79,28,62,51,44,1
35,66,5,43,5,0
21,80,48,34,41,0
47,5,51,46,43,0
48,87,55,34,35,0
34,79,70,34,50,0
80,88,8,95,14,0
64,95,69,44,18,1
12,50,94,51,69,1
81,52,8,4,53,0
29,6,44,92,54,1
73,6,7,59,55,0
20,84,33,48,45,1
27,52,68,39,62,0
98,62,95,78,42,0
29,44,28,92,39,0
18,95,43,28,94,1
39,11,99,53,98,0
90,90,32,62,91,0
61,34,5,0,72,0
29,74,63,66,91,0
2,78,50,10,74,0
33,16,93,18,89,0
2,6,28,10,62,0
7,55,22,10,46,0
38,78,82,33,44,0
78,94,79,7,40,0
4,15,29,23,32,0
6,90,52,30,11,1
96,81,26,76,67,0
58,88,90,73,11,0
28,98,83,41,11,0
59,48,42,25,3,1
67,25,86,95,60,0
72,89,29,42,25,1
2,64,57,37,1,0
63,37,7,21,92,0
12,57,67,11,55,0
87,70,37,65,68,0
78,56,21,60,80,0
52,15,34,83,22,0
22,81,44,61,65,0
25,87,21,66,62,0
64,85,80,92,85,0
47,54,57,33,98,0
14,1,63,85,62,1
9,52,4,80,64,0
63,47,60,95,7,0
51,9,13,43,81,0
16,80,48,55,50,0
12,0,86,49,26,0
82,64,38,31,53,0
45,21,8,6,53,1
58,26,28,47,77,0
41,96,85,56,5,0
7,48,10,8,54,1
12,18,42,11,6,0
73,15,47,52,56,1
39,39,37,57,82,0
67,76,75,65,20,0
38,38,9,6,96,0
74,36,29,15,92,0
42,53,43,30,30,0
28,68,82,41,65,0
3,46,87,97,98,0
8,72,3,90,60,1
82,8,16,85,0,1
83,90,88,66,95,0
89,81,76,70,10,0
64,67,85,49,14,0
89,95,73,2,99,1
56,88,55,70,14,1
10,53,32,15,35,0
5,75,62,52,18,1
55,8,52,87,49,0
27,94,14,16,55,0
59,41,65,62,92,1
25,49,52,30,71,0
76,5,44,61,36,0
54,32,20,9,67,1
9,73,44,73,72,0
37,79,75,73,97,0
69,59,54,15,59,1
23,44,3,41,15,1
4,13,79,34,47,0
88,72,84,8,37,1
40,57,59,46,64,0
98,95,48,90,35,0
42,1,53,61,81,0
1,97,71,48,34,0
81,26,16,92,23,0
1,27,28,66,25,0
49,75,86,91,24,1
28,67,68,94,33,0
72,95,52,45,97,0
7,2,23,96,33,0
49,99,41,2,86,0
25,5,65,38,4,0
43,40,70,57,7,0
70,52,90,75,91,1
73,45,40,85,80,0
66,65,55,75,25,0
25,20,29,92,90,1
74,26,17,39,36,0
59,39,53,77,27,0
73,57,51,20,58,0
38,99,35,89,50,0
88,72,22,69,71,0
10,67,87,49,22,0
59,68,1,76,57,1
51,61,34,97,97,0
24,52,85,19,81,0
17,9,18,93,18,0
33,97,81,34,57,1
55,60,60,91,47,0
19,85,14,42,35,0
56,19,7,26,47,0
91,88,10,5,98,0
70,69,68,19,63,1
41,1,75,84,81,0
28,0,2,29,44,0
79,74,28,29,30,0
94,27,24,47,78,1
28,56,90,0,97,1
68,21,59,46,98,0
30,4,92,86,97,0
45,19,99,52,75,0
1,71,52,59,39,1
7,93,98,47,93,0
69,6,75,21,82,0
21,86,0,34,30,0
24,60,15,50,77,0
79,26,2,48,26,0
28,99,18,68,61,0
5,17,44,95,43,0
62,29,42,91,37,0
53,49,45,36,91,0
9,86,34,81,64,0
68,53,42,10,61,1
77,43,62,30,79,0
67,47,79,93,7,0
81,24,74,33,2,0
19,45,68,73,27,0
96,32,76,64,80,1
44,38,85,30,94,0
85,25,85,23,85,0
81,56,17,51,24,0
7,46,20,75,16,0
94,70,62,41,51,0
42,99,36,54,50,0
20,2,38,20,14,0
75,21,83,20,85,0
82,56,85,49,49,0
86,6,92,67,52,0
41,83,87,25,84,0
81,39,99,22,46,1
36,43,30,92,0,0
56,59,19,0,64,0
75,30,45,3,11,1
81,4,16,87,12,0
70,68,83,17,26,0
44,85,57,98,26,1
38,71,96,17,51,0
85,22,80,97,96,0
75,37,36,77,51,0
0,4,60,35,7,1
82,34,84,27,29,0
48,89,58,53,83,0
20,55,2,82,87,1
30,18,65,56,98,0
89,44,24,22,45,0
40,46,76,62,58,1
17,26,3,0,94,0
94,65,20,29,37,0
15,96,66,72,22,1
50,34,46,24,61,0
59,63,19,43,52,0
7,17,90,90,20,1
68,24,92,70,0,0
49,64,13,99,65,0
5,24,58,13,30,1
82,57,14,58,12,1
57,13,33,78,51,0
11,72,3,89,37,0
38,55,19,95,11,0
90,22,8,9,13,1
75,34,13,63,29,0
77,8,8,91,25,0
37,3,64,92,53,0
62,91,43,84,28,0
28,9,89,95,94,1
29,44,65,92,27,0
91,59,33,54,41,0
80,33,84,21,43,0
60,60,16,73,3,0
81,52,35,48,64,0
28,52,10,85,87,0
76,49,80,73,84,1
24,97,52,21,92,0
36,71,85,56,72,1
48,58,56,69,51,0
51,54,73,68,49,0
77,73,63,50,50,0
84,64,98,22,22,0
85,65,15,51,48,1
90,59,79,65,49,1
88,39,25,94,10,0
68,33,52,93,29,0
70,6,21,26,8,0
51,99,81,23,92,0
22,78,74,8,42,0
86,39,3,18,31,0
45,49,80,1,19,0
45,35,75,77,9,0
4,68,10,49,2,1
20,36,74,67,83,1
28,39,70,10,63,1
80,92,2,64,16,1
0,29,8,24,16,0
7,45,93,83,32,0
70,24,14,81,29,1
93,99,12,12,32,1
46,72,29,97,72,1
65,86,63,61,84,0
99,78,96,87,41,0
50,51,28,20,50,0
56,47,7,89,27,0
91,41,20,47,55,0
50,17,51,69,71,1
4,65,30,79,99,0
89,30,55,64,62,1
37,38,5,50,72,0
98,50,52,50,40,0
53,38,98,0,0,0
30,41,61,58,69,0
8,63,26,94,59,0
68,61,17,21,86,0
91,0,55,94,25,1
95,92,6,97,7,0
57,43,44,88,37,1
54,14,6,96,32,0
14,40,89,14,46,1
55,42,43,89,29,1
84,22,21,8,84,1
57,31,55,18,77,0
32,80,56,79,87,0
34,16,4,17,67,0
88,33,21,12,95,0
38,86,66,0,79,1
88,57,13,71,29,0
84,0,94,90,80,1
17,2,69,9,33,0
26,20,12,71,55,1
71,77,74,10,24,0
64,81,59,13,38,1
16,38,24,91,76,0
32,74,89,63,52,1
68,17,88,77,81,0
92,99,25,25,87,1
25,32,50,11,11,0
86,84,0,46,85,0
9,2,13,13,85,0
78,1,44,60,7,0
73,34,4,59,68,0
98,35,49,6,88,0
83,99,87,46,26,0
20,38,39,71,32,0
7,4,45,46,5,0
39,54,92,85,73,0
20,81,72,55,51,0
24,98,99,76,42,0
45,14,83,23,40,1
15,98,16,99,13,0
36,37,17,6,68,0
97,41,87,17,95,1
58,36,56,24,14,0
23,44,71,19,15,1
46,72,23,32,70,0
9,57,98,31,52,1
80,30,94,16,34,0
35,66,87,77,34,0
69,42,82,67,39,0
40,58,50,92,73,0
73,23,97,77,21,0
64,37,45,89,63,0
64,13,81,16,2,0
72,38,1,93,54,0
4,46,64,37,17,0
46,82,60,86,67,0
10,45,18,52,94,0
53,3,42,83,21,0
66,20,41,20,66,1
8,78,87,94,53,1
64,20,31,66,26,0
24,5,96,62,58,0
63,12,76,84,48,1
63,24,9,12,31,1
80,49,7,75,1,0
68,17,20,69,78,1
22,76,35,40,58,0
42,82,55,7,98,1
51,1,16,64,9,0
62,8,15,64,81,0
21,28,32,87,22,0
34,15,31,22,20,0
94,77,82,80,62,0
57,74,10,31,40,1
8,5,3,4,49,0
61,42,15,49,86,0
21,34,9,95,66,0
59,25,43,73,32,1
9,24,71,1,23,1
46,56,84,27,91,1
3,99,55,35,86,1
24,4,3,59,94,0
61,19,38,62,84,0
29,68,51,20,58,0
88,36,29,6,8,1
58,87,42,34,56,0
45,7,28,60,7,0
98,25,23,50,98,1
82,63,53,19,80,1
61,62,42,15,69,1
61,22,96,7,56,0
85,45,73,61,74,0
10,91,87,97,62,1
88,59,66,19,24,0
66,31,3,93,67,0
99,8,44,98,55,1
43,63,1,94,52,1
16,15,2,79,81,0
46,31,79,81,40,1
64,78,74,14,40,1
63,64,11,4,95,0
18,51,86,98,90,0
99,95,36,88,6,1
65,2,29,18,38,0
21,58,18,82,56,1
83,91,31,42,58,1
50,53,3,14,1,0
74,15,43,40,5,0
36,18,77,35,46,1
17,92,25,84,3,0
3,94,49,72,46,0
89,13,68,56,83,0
99,38,99,20,89,1
11,96,75,21,60,1
61,39,92,47,49,1
85,88,9,62,91,0
2,24,15,62,87,0
62,9,38,68,92,0
96,44,63,63,21,1
93,51,21,59,64,1
3,96,23,62,96,1
30,18,99,65,29,0
63,77,20,91,36,1
35,47,99,78,4,0
63,31,48,13,75,1
85,95,99,44,50,1
62,17,6,59,59,1
65,35,93,21,71,0
6,39,26,80,54,1
62,69,42,72,58,0
14,99,28,4,53,1
46,10,91,41,17,0
60,71,12,60,58,0
77,21,96,2,50,1
35,24,63,88,92,1
85,68,96,16,54,1
97,49,74,71,40,0
47,95,37,4,85,0
76,39,49,41,57,1
1,45,65,9,53,0
47,40,79,28,26,0
74,19,77,39,32,1
78,30,71,75,64,1
74,16,61,2,76,1
66,25,89,41,79,0
4,1,83,38,12,0
58,49,54,40,90,1
28,66,34,96,79,1
78,41,44,57,68,0
5,22,73,77,5,0
56,12,70,17,19,1
46,82,21,76,27,0
86,69,27,39,78,0
67,95,10,63,51,1
48,15,8,3,25,0
6,51,66,11,59,0
27,15,33,99,17,1
80,29,65,88,87,0
2,0,65,67,66,0
59,23,46,15,50,1
27,64,23,79,17,0
0,80,19,30,40,0
79,82,81,8,91,0
52,60,86,26,74,0
84,10,39,71,14,1
49,17,36,89,92,0
74,68,35,80,66,0
27,65,56,20,69,0
12,77,12,79,97,1
45,92,34,79,57,1
34,82,91,87,77,1
97,38,63,89,68,0
77,27,46,0,59,0
44,45,11,46,59,0
88,49,43,40,3,0
39,91,87,64,7,0
78,74,95,42,4,1
95,47,89,28,59,0
74,51,74,72,37,0
37,41,34,19,77,0
3,26,57,97,26,1
85,10,15,37,57,1
69,12,63,71,37,1
8,74,72,76,47,0
16,27,63,27,45,1
89,70,28,27,93,0
83,39,78,68,36,1
53,29,31,79,67,0
94,82,90,35,78,0
21,42,74,72,33,1
41,14,91,72,90,0
6,14,34,44,40,1
44,49,96,67,71,0
47,98,14,91,68,1
86,32,13,0,76,1
10,47,96,93,73,0
46,7,51,15,47,1
50,49,94,40,15,0
33,18,55,99,11,0
31,84,79,98,25,0
69,16,62,47,69,1
92,53,56,79,40,1
77,81,88,64,85,1
8,62,26,69,63,0
90,94,2,28,33,0
9,51,60,46,24,1
19,49,63,18,6,0
9,1,83,8,49,0
92,42,20,41,44,1
95,36,68,7,77,1
60,98,49,58,94,0
75,17,7,53,48,0
27,21,83,43,71,1
34,31,80,72,63,0
2,43,81,4,84,0
70,60,49,16,66,1
23,78,57,37,33,1
36,67,78,0,36,1
56,15,37,54,51,0
84,84,50,78,36,0
1,22,19,61,20,0
1,2,22,9,18,0
84,91,6,87,3,1
6,54,10,96,97,1
33,5,65,89,86,1
19,86,21,85,97,1
30,60,69,17,27,1
55,70,70,47,60,0
53,53,24,80,86,0
83,50,73,63,81,0
15,15,0,23,1,0
12,50,51,73,97,1
40,13,7,1,36,0
59,96,15,44,91,0
76,81,95,12,51,1
82,13,80,53,50,1
21,56,59,39,75,0
83,19,88,27,55,1
7,70,10,99,16,0
33,56,30,16,77,1
65,78,3,26,67,0
21,29,48,10,13,0
22,59,50,93,6,1
56,59,48,55,48,0
63,29,76,1,18,1
36,68,32,21,51,0
89,86,9,52,13,1
75,47,10,79,63,1
11,3,29,21,84,0
80,48,76,56,19,0
61,30,30,85,46,1
61,98,22,27,2,1
80,77,28,80,22,1
85,59,64,7,15,1
24,17,18,49,74,0
12,66,23,20,57,0
4,77,63,85,71,0
37,62,53,40,74,0
11,18,84,10,18,0
55,84,3,54,12,0
40,21,20,63,20,1
26,98,18,69,58,1
61,88,39,31,7,0
22,28,22,16,55,1
71,61,50,92,13,0
50,55,95,57,1,1
94,89,18,74,33,1
79,63,66,46,26,1
10,4,75,40,28,0
96,57,64,47,78,1
25,93,41,71,42,0
82,77,75,76,22,0
57,54,58,28,57,1
90,71,82,84,80,1
18,10,75,54,95,1
28,2,31,61,76,1
46,23,37,34,69,1
85,5,76,51,4,1
49,0,98,97,39,1
90,67,42,84,96,1
36,50,55,94,73,1
11,87,79,75,30,0
32,61,41,60,30,0
11,87,24,74,83,1
72,77,99,92,17,0
44,23,17,33,29,0
80,57,0,47,86,0
29,22,30,32,67,0
73,91,10,60,75,1
16,5,97,1,25,1
0,83,4,95,84,1
35,84,15,57,16,1
94,9,10,80,26,1
92,34,2,2,39,1
64,72,88,11,25,0
35,20,62,52,33,1
91,64,1,87,25,0
88,1,77,11,49,1
3,27,76,11,43,0
14,34,61,7,77,0
98,64,43,59,62,0
18,33,66,17,38,0
2,69,46,37,50,1
31,91,97,36,59,1
52,73,32,41,66,0
20,90,43,48,10,0
40,15,48,60,66,1
51,0,79,85,38,1
16,57,67,4,96,1
39,20,8,28,75,0
65,43,52,50,18,1
37,23,19,9,48,0
21,44,10,65,57,1
71,66,56,17,2,0
54,14,70,57,11,0
53,71,12,9,23,0
18,49,86,95,27,1
41,66,21,85,40,1
42,1,80,64,65,0
97,94,24,43,57,0
84,18,27,67,64,1
1,21,3,30,13,1
2,71,19,85,47,1
48,31,69,73,34,0
88,34,72,91,83,0
31,24,0,88,28,1
19,73,93,20,94,1
59,82,35,40,94,1
95,79,90,65,77,0
8,49,53,73,98,0
59,18,45,88,18,1
17,37,25,10,15,0
14,63,71,81,51,0
54,55,70,80,62,0
85,49,10,94,22,0
58,15,14,73,47,1
11,31,23,63,96,1
44,11,22,25,30,1
5,3,91,86,51,1
94,69,20,34,77,1
44,18,43,91,91,1
55,42,71,78,54,1
2,98,76,94,55,1
15,57,63,4,70,1
50,22,31,61,66,0
94,22,93,19,55,1
26,2,40,3,58,1
48,10,59,70,83,0
70,75,76,16,6,1
96,6,3,92,86,1
45,56,32,37,4,0
26,10,55,40,3,1
91,78,22,6,46,0
11,43,63,60,38,0
53,44,81,2,69,0
12,36,44,72,85,0
29,65,43,9,14,0
98,23,34,84,99,1
45,64,91,9,50,1
73,53,24,77,2,0
42,82,50,74,44,1
79,15,54,32,73,0
83,7,12,10,82,0
30,36,11,59,42,0
31,89,91,10,93,0
87,53,72,47,99,1
71,88,18,60,48,0
26,94,41,29,5,1
40,44,59,63,66,0
41,40,23,72,45,0
0,26,27,64,23,0
45,5,44,1,91,1
98,55,27,11,0,1
91,10,28,8,98,0
65,82,3,49,95,0
49,66,47,5,21,1
33,61,98,17,12,0
3,84,73,55,94,1
66,53,90,90,47,1
31,11,72,13,39,1
96,32,84,35,5,0
2,79,37,96,71,1
5,97,94,10,67,0
97,86,51,45,23,1
50,6,47,49,49,0
45,77,92,4,23,0
0,60,25,73,76,0
98,7,94,65,11,1
33,21,45,60,2,1
77,36,9,99,55,0
9,97,27,80,39,0
94,92,18,83,0,1
74,94,36,21,73,1
69,94,18,51,96,1
28,42,59,56,96,1
76,1,84,90,44,0
31,8,64,81,75,1
93,5,89,1,28,0
61,6,50,0,93,1
15,10,75,38,26,1
45,76,45,50,51,0
86,16,97,32,99,0
25,60,91,88,30,1
3,98,23,20,67,1
42,46,80,17,1,1
47,79,78,14,15,0
2,30,5,58,42,1
92,94,80,12,88,0
57,44,10,73,9,1
79,7,25,36,16,1
84,46,22,48,15,0
47,2,59,5,87,1
73,76,19,28,5,0
77,37,60,0,58,1
92,80,31,51,29,0
91,24,47,82,60,1
30,73,10,56,79,1
3,81,14,60,99,1
70,69,92,17,28,1
96,11,34,83,95,1
45,33,4,18,58,1
32,9,38,15,85,0
87,96,80,83,28,1
5,30,5,51,18,1
1,77,35,99,92,0
43,64,41,51,59,0
28,46,25,45,45,1
93,90,35,60,16,0
52,93,38,41,60,0
24,65,72,12,82,0
86,4,54,14,49,1
39,19,61,33,24,1
9,7,70,40,2,0
93,71,5,34,60,0
99,77,60,8,34,1
44,11,49,54,41,0
87,34,0,41,31,0
77,23,85,83,72,0
0,0,27,22,16,0
19,76,69,14,34,0
74,35,56,73,63,1
25,30,40,84,48,1
51,53,65,99,66,0
92,69,1,73,20,0
37,71,39,37,19,1
49,51,19,64,40,0
59,99,59,36,91,0
37,94,53,80,76,0
88,49,85,7,66,1
23,5,64,39,30,0
55,69,3,73,90,1
7,36,60,2,71,0
5,59,89,53,23,1
31,14,40,55,0,0
10,92,3,78,20,0
36,90,82,18,96,1
92,31,33,0,96,1
94,36,18,24,52,0
28,94,39,20,49,1
82,17,9,46,2,1
26,56,23,0,55,1
88,32,6,18,85,1
99,81,45,20,54,1
17,87,31,8,78,0
21,38,66,71,55,1
45,8,61,2,78,1
85,70,80,81,2,1
44,67,3,70,97,1
98,56,40,29,26,0
1,89,81,96,28,1
41,75,8,9,21,1
98,6,72,10,33,1
30,21,79,67,3,1
63,44,34,40,45,1
31,9,93,17,51,1
54,65,81,49,9,1
4,69,34,21,65,1
81,28,4,93,13,0
50,56,62,69,8,1
14,43,25,39,91,1
16,96,49,68,46,1
39,92,77,80,58,1
13,58,6,5,30,1
23,98,12,46,34,0
19,35,85,60,30,0
97,6,16,56,3,0
96,8,5,10,47,1
59,98,18,32,10,1
64,39,69,94,24,1
3,27,38,46,45,0
96,76,35,16,65,1
7,69,35,6,97,1
53,89,2,68,91,0
92,67,29,17,98,0
33,81,80,86,7,0
52,86,44,34,70,0
13,90,94,68,56,1
15,52,58,69,17,1
75,41,33,40,18,1
95,53,7,13,78,1
45,42,16,65,86,1
19,5,77,76,74,1
93,48,93,74,58,0
15,27,18,20,29,0
86,85,47,61,24,1
70,45,80,53,36,1
65,97,61,4,23,0
19,0,94,32,74,0
92,37,74,61,52,1
18,55,23,0,84,0
28,65,31,42,78,1
96,40,46,81,8,1
90,99,12,77,58,1
37,32,56,27,84,1
71,38,52,5,36,1
50,57,32,74,28,1
47,26,83,6,53,1
77,83,73,94,43,1
3,69,23,62,91,0
19,20,51,79,17,1
1,92,1,0,23,1
77,78,36,32,5,1
4,15,11,90,66,1
13,65,85,95,66,1
11,19,31,20,81,0
20,28,69,10,54,1
12,42,1,81,73,1
53,83,7,21,42,1
67,54,74,37,7,1
43,36,67,79,77,1
93,56,48,65,97,0
52,35,92,21,10,0
62,77,89,81,50,1
31,55,63,30,36,1
17,56,56,18,90,1
47,64,57,43,56,0
42,1,31,26,60,0
94,81,40,98,17,0
62,11,23,8,93,1
30,48,51,43,78,1
78,47,81,14,33,1
5,99,19,32,38,0
51,44,86,65,55,1
63,41,94,66,27,1
99,79,75,14,54,0
99,77,49,90,26,1
66,0,94,23,23,1
73,70,5,31,35,1
27,50,30,72,11,1
66,36,47,23,84,1
49,69,20,23,17,0
2,47,65,21,16,1
27,60,63,80,44,1
0,45,33,2,57,1
49,61,84,97,84,1
34,90,33,40,63,0
49,78,42,44,81,0
65,10,22,15,46,1
31,26,88,87,13,1
8,30,49,55,43,1
37,5,5,0,11,0
12,22,87,80,78,1
21,99,16,74,29,0
57,70,91,99,78,1
49,48,82,11,0,1
9,38,33,38,96,1
1,85,91,95,47,0
0,48,56,26,69,1
75,51,93,4,74,1
39,13,5,75,77,1
47,31,29,92,18,1
21,13,99,69,76,1
18,60,36,71,89,1
65,35,39,83,8,1
99,28,11,75,54,1
39,0,68,98,15,1
16,35,76,18,54,1
25,65,91,16,48,1
9,44,16,68,52,1
95,70,16,71,90,0
89,89,52,54,24,0
53,94,94,85,14,1
18,78,69,10,25,0
29,72,24,68,46,1
79,12,56,34,69,0
15,54,69,72,63,1
55,18,38,1,65,1
5,99,88,22,30,1
88,79,82,11,44,1
52,20,35,77,67,0
33,29,64,6,6,1
19,33,83,25,40,1
95,60,65,1,96,1
3,67,21,12,73,1
88,44,64,45,55,1
80,56,14,13,78,0
45,18,9,26,41,0
99,95,83,15,85,1
28,10,46,98,5,0
86,1,92,45,80,1
1,19,61,42,15,0
24,66,18,93,38,1
3,42,55,17,38,1
78,84,81,19,82,0
95,76,48,24,23,1
3,48,44,82,26,1
50,64,73,2,86,1
59,41,23,37,81,0
99,70,44,64,49,0
32,81,68,62,7,0
7,29,42,79,2,1
5,56,60,77,97,1
16,16,57,67,60,1
50,46,61,66,58,0
30,46,97,30,35,1
66,75,2,86,16,0
50,86,37,23,89,0
80,28,59,22,72,0
61,75,14,76,63,0
73,14,42,2,29,1
58,25,59,41,10,1
79,3,39,61,71,1
36,73,23,3,65,1
30,84,35,26,95,1
82,46,60,93,34,0
73,50,35,25,86,0
76,99,16,71,81,0
93,62,12,52,60,1
66,62,56,39,0,1
41,15,36,20,43,0
56,24,40,37,51,0
48,62,10,76,27,1
78,71,86,9,44,1
88,93,29,55,58,0
42,73,46,73,81,1
84,42,83,48,2,1
57,88,38,0,46,0
63,59,33,48,27,1
60,0,70,41,2,0
73,21,5,63,96,1
8,35,78,67,27,1
89,10,82,46,86,1
67,45,13,54,27,1
5,90,89,34,31,0
26,73,93,21,34,1
35,49,64,67,15,0
37,56,14,56,75,0
84,4,54,11,45,1
38,69,56,62,36,1
69,73,88,80,91,1
61,34,16,68,30,1
35,98,62,95,3,1
15,78,81,32,99,0
41,45,97,0,71,0
65,55,20,71,37,1
59,1,96,28,97,1
28,45,71,43,23,0
9,52,82,77,23,1
43,30,11,41,86,1
90,74,79,63,1,1
55,69,22,89,3,0
58,66,57,7,77,1
21,98,52,23,2,1
82,8,54,77,2,1
48,44,58,48,90,1
7,99,71,50,41,1
54,37,60,21,27,0
10,98,71,54,15,0
72,31,12,2,41,1
27,43,83,7,95,0
40,19,80,40,77,1
16,16,69,67,62,1
68,50,16,55,53,1
38,69,98,64,6,1
59,15,9,41,98,0
48,89,38,89,27,1
19,26,22,43,65,1
98,4,90,20,54,1
83,78,94,84,18,1
89,58,42,35,87,1
26,39,23,44,41,1
70,11,59,66,92,0
62,3,51,28,96,1
67,59,94,26,74,1
29,54,95,18,52,0
19,97,2,79,71,1
35,68,45,66,22,1
29,81,20,60,65,0
2,21,56,50,82,1
92,13,13,68,97,0
5,62,41,30,21,1
63,19,82,98,27,1
79,54,48,7,33,1
85,63,92,35,31,1
75,80,87,78,28,0
88,72,27,35,60,1
69,4,13,60,34,1
59,23,29,69,9,1
31,46,35,81,61,1
6,4,29,60,43,1
84,13,46,49,43,1
3,54,85,8,37,1
96,9,23,91,53,1
83,12,34,34,31,1
94,2,91,82,50,1
41,53,87,94,12,1
46,1,56,43,82,1
12,78,87,52,10,1
71,65,10,3,4,1
17,58,51,29,96,1
27,24,76,44,90,1
95,40,87,32,50,1
80,54,19,9,6,1
31,77,94,3,20,1
18,80,80,81,96,0
21,67,14,82,7,0
25,67,82,88,67,1
1,79,30,81,38,1
0,91,17,91,5,0
0,40,51,77,28,1
99,43,6,49,4,1
82,36,51,60,83,1
94,29,7,61,75,0
12,22,29,38,75,0
14,2,26,35,74,0
0,71,64,75,74,0
51,95,8,68,59,1
18,87,57,51,61,0
54,22,74,12,92,1
96,57,37,14,41,0
31,48,41,60,94,1
39,41,67,7,1,1
18,85,94,65,14,0
68,27,78,5,86,1
20,11,68,96,46,1
56,92,64,23,46,1
70,54,19,26,5,0
88,76,32,0,18,1
3,56,14,30,23,0
9,1,46,12,99,0
92,86,93,31,77,0
8,16,11,85,29,0
38,58,79,28,51,0
72,7,4,67,72,1
58,37,27,6,98,1
33,18,78,70,59,1
69,34,78,93,17,1
48,36,72,88,51,0
51,61,71,35,45,1
33,33,25,79,91,1
83,72,51,22,86,1
28,42,26,57,20,1
92,27,91,89,78,1
23,73,68,42,30,0
5,15,12,3,10,0
44,25,23,31,59,0
26,9,68,66,58,0
25,83,55,65,63,1
34,85,50,48,19,1
19,10,88,79,99,1
29,5,45,14,80,1
9,77,67,98,59,1
6,73,43,10,97,1
92,89,45,59,90,1
58,13,99,14,85,1
27,19,70,38,2,0
90,89,93,35,85,0
93,56,50,29,88,1
76,72,54,77,73,1
0,98,79,55,40,1
99,74,35,18,0,1
27,36,93,31,75,1
45,17,61,9,77,1
90,33,95,27,30,1
13,91,61,29,28,0
52,86,33,57,44,1
72,21,24,27,66,1
27,33,89,8,65,0
17,63,58,14,49,1
72,78,36,11,90,1
6,49,95,42,51,1
86,92,8,70,61,0
16,15,40,81,31,1
16,48,85,13,95,1
97,34,45,45,2,1
65,22,67,20,95,1
92,46,50,26,47,1
54,37,11,56,81,0
57,66,78,54,76,0
54,62,58,67,12,1
19,58,76,78,15,0
33,2,71,67,7,1
33,70,38,91,99,0
80,7,25,72,94,1
89,68,79,47,2,0
29,17,33,22,96,0
6,90,39,7,72,0
44,16,54,84,91,0
7,63,49,53,15,1
17,19,79,57,89,1
40,50,17,1,45,1
85,69,33,63,61,1
98,65,24,95,99,1
69,4,58,6,74,1
8,13,18,63,55,1
43,69,52,99,12,1
51,20,72,88,72,0
12,92,29,48,29,1
37,20,82,48,56,1
45,98,18,38,42,1
13,29,11,99,24,1
57,82,35,49,89,1
79,36,32,99,2,1
22,4,59,10,65,1
97,28,28,11,45,1
21,92,93,69,41,1
70,66,5,40,51,1
28,63,23,42,83,1
75,80,6,83,20,1
87,7,30,70,4,0
24,57,36,47,46,1
84,2,50,22,63,1
48,18,99,22,56,1
99,40,1,58,10,1
19,63,96,5,26,1
33,72,33,52,78,1
99,77,73,92,93,1
88,51,59,4,77,1
53,50,12,69,27,1
51,40,18,96,49,1
37,71,27,0,84,1
62,56,30,87,70,1
29,44,5,67,53,1
75,89,56,71,81,1
19,86,26,16,1,1
92,39,13,67,31,1
66,10,51,28,12,0
83,48,92,72,52,1
52,83,19,51,17,1
80,25,28,27,46,1
55,41,67,15,61,1
25,62,10,49,4,1
28,8,78,73,91,0
87,67,79,65,20,0
45,2,39,26,99,1
57,9,8,85,22,1
53,59,82,67,58,1
99,81,21,4,48,1
14,37,94,2,72,1
74,2,35,6,45,0
2,76,73,22,78,1
61,17,16,90,6,1
53,68,41,30,33,1
8,58,96,85,41,1
9,10,79,52,91,1
5,69,84,32,25,1
31,74,32,67,90,1
53,93,94,43,9,1
8,67,38,93,25,1
86,41,89,2,98,1
94,78,58,42,8,1
21,98,19,56,6,1
34,81,88,53,85,1
0,68,92,80,87,1
92,79,18,50,44,1
7,37,22,43,35,1
75,45,44,1,50,1
34,83,91,69,94,1
92,22,43,12,8,1
88,72,63,96,12,1
29,81,58,47,49,1
48,41,68,40,86,1
23,34,55,96,15,1
81,48,11,10,34,0
97,63,48,90,62,1
4,61,64,84,78,0
86,72,17,10,87,1
87,97,57,1,54,1
57,59,5,11,29,1
78,37,88,80,34,1
36,56,55,93,83,0
84,61,28,18,7,1
99,15,99,29,41,1
49,74,90,62,41,1
12,56,40,35,34,1
80,63,62,42,76,0
44,3,74,78,22,0
20,39,66,95,35,1
38,31,75,65,97,1
56,96,67,25,39,1
77,87,28,57,0,0
1,37,75,95,10,1
80,30,74,45,25,1
11,95,79,19,95,0
19,7,54,43,73,1
60,1,3,34,20,1
45,51,58,90,32,1
26,53,24,34,37,1
65,97,96,10,80,1
69,1,73,27,2,1
78,54,13,52,24,1
61,60,0,54,96,1
42,55,19,13,4,1
75,2,87,45,75,1
66,27,4,88,79,1
93,28,44,28,3,0
41,77,74,84,6,1
81,46,89,83,61,1
8,38,69,55,23,1
64,18,2,0,77,0
44,51,82,36,17,1
74,37,17,96,11,0
53,24,37,38,59,1
22,47,35,91,48,1
54,84,78,31,48,1
1,88,27,68,10,1
94,77,80,95,53,1
21,98,60,10,64,1
66,75,8,34,57,0
78,16,31,45,31,1
41,18,44,17,90,0
87,9,89,80,41,1
27,30,96,93,98,1
65,29,46,47,66,1
1,73,8,84,70,1
22,64,9,5,45,0
39,30,20,27,87,0
86,63,92,29,74,1
78,6,26,14,99,1
99,31,87,34,97,1
90,77,71,11,11,1
57,58,12,43,89,1
69,9,30,79,77,1
82,82,52,26,51,1
87,20,93,20,90,1
36,56,43,33,19,0
8,53,89,72,63,1
13,49,6,53,23,0
43,89,88,63,3,1
84,95,29,18,41,1
58,77,51,50,62,1
47,37,42,84,76,1
73,77,79,16,66,1
48,76,99,23,79,1
5,40,86,8,93,1
2,27,63,47,11,0
84,88,79,73,37,1
18,39,19,6,9,1
92,68,88,10,41,1
86,27,38,97,36,0
46,45,16,85,57,1
8,0,47,26,69,1
64,80,62,60,72,1
69,80,86,43,17,1
82,72,88,82,36,1
5,60,26,33,66,1
57,11,2,36,88,1
74,76,16,48,3,1
64,27,11,84,16,1
46,16,2,81,29,1
70,21,66,19,13,1
20,14,70,14,99,0
51,42,60,62,83,1
91,6,80,94,61,1
57,15,61,12,65,0
48,45,24,30,36,1
63,67,21,66,87,1
87,31,71,17,19,1
72,27,79,34,8,1
36,71,87,64,76,1
88,8,0,96,80,1
64,74,61,99,12,1
45,38,88,30,76,1
95,18,85,38,66,1
33,15,83,77,53,0
44,82,58,64,78,1
41,43,35,25,71,1
34,5,65,11,42,1
58,0,50,98,89,0
43,55,42,84,44,0
11,58,37,59,2,1
62,23,78,16,38,1
10,4,26,26,79,0
60,55,29,90,11,1
55,40,72,6,58,1
79,27,79,45,5,1
49,31,82,35,46,1
49,1,91,15,39,0
89,0,12,32,22,0
31,1,65,36,63,1
39,0,68,61,66,1
37,80,45,18,62,1
34,92,94,20,99,1
83,88,97,34,82,1
58,2,81,92,15,1
18,96,97,5,64,1
63,24,74,25,18,0
11,50,88,63,21,1
2,14,62,42,20,1
52,63,58,11,32,0
62,61,53,82,26,0
50,60,89,72,99,1
16,26,5,9,46,0
54,19,11,64,29,1
63,91,61,67,83,1
48,39,7,56,10,1
55,48,66,9,69,0
25,32,73,43,41,1
51,29,36,96,42,1
94,49,2,55,83,1
54,50,62,87,8,1
42,41,3,65,42,1
18,41,19,52,52,1
68,80,19,50,81,1
47,66,69,50,7,1
7,78,94,18,43,1
13,75,63,76,25,1
68,8,76,71,97,1
1,12,98,40,92,1
21,78,2,51,45,1
92,91,89,46,69,1
61,66,81,30,65,1
91,57,14,41,12,1
59,55,12,6,14,1
78,75,3,57,81,1
46,12,31,65,68,1
11,29,9,31,30,1
4,22,27,46,8,1
92,55,59,86,2,1
39,22,35,67,32,0
54,37,97,36,21,1
16,51,67,22,6,1
36,13,26,90,68,1
70,37,15,81,85,1
65,5,52,29,17,1
28,31,45,54,25,1
24,65,85,89,37,1
83,92,72,58,56,0
0,62,32,91,33,0
75,37,2,18,52,1
12,5,33,92,18,0
1,51,5,84,56,1
6,52,47,88,2,1
68,28,2,62,48,1
28,74,76,5,97,1
47,51,97,68,25,1
92,94,50,72,4,1
45,14,36,5,69,1
37,1,43,85,38,1
72,16,44,64,66,1
61,1,63,55,50,1
27,38,77,27,62,1
64,40,89,36,63,0
60,52,35,66,33,1
92,37,61,53,43,1
36,20,62,73,73,1
79,24,1,73,88,1
88,72,71,30,67,1
90,49,4,23,83,1
22,97,71,17,34,1
96,9,82,60,41,1
48,16,38,46,49,1
59,21,64,50,79,1
1,6,36,44,50,1
21,93,27,68,12,1
92,0,97,16,2,1
54,63,65,90,24,1
75,38,82,74,61,1
33,43,81,1,28,1
48,17,11,32,83,1
41,90,6,60,4,1
20,20,24,57,58,1
30,95,82,20,6,1
71,89,59,47,64,0
4,18,16,39,48,1
90,32,74,89,84,1
48,57,36,55,87,1
13,64,80,71,77,1
56,71,78,91,50,1
16,39,66,68,15,1
59,34,59,8,44,1
7,62,39,12,75,1
20,60,8,1,81,1
98,18,68,10,43,1
10,70,32,84,68,1
65,25,95,56,13,1
34,85,55,69,7,1
80,21,73,58,41,1
8,88,81,18,69,1
84,8,84,32,40,1
19,19,39,26,98,1
62,85,49,74,90,1
33,62,8,47,81,1
52,26,18,8,29,0
35,74,83,14,83,1
35,53,40,45,16,1
3,63,87,83,88,1
80,6,3,50,3,1
23,27,73,98,56,1
42,77,68,98,68,1
67,93,86,91,19,1
10,68,49,79,38,1
78,73,16,48,43,1
70,4,91,52,51,1
41,37,42,43,3,1
51,27,77,91,30,1
37,47,94,94,89,1
24,40,22,9,39,1
12,37,7,95,91,1
71,11,17,67,48,1
36,7,53,96,5,1
92,7,25,67,32,1
85,32,49,83,92,1
3,17,66,36,21,0
49,84,91,5,27,0
29,94,12,99,50,1
83,90,49,83,40,1
52,26,3,46,85,1
46,90,95,7,7,1
39,75,39,88,93,1
37,90,90,18,55,1
53,50,22,87,98,1
32,66,81,56,75,1
85,80,94,76,41,1
90,57,54,30,8,1
31,33,43,80,12,1
0,87,48,88,3,1
5,79,65,88,2,1
77,98,82,77,70,1
11,71,87,23,52,1
30,90,94,55,88,1
99,11,96,81,0,0
70,15,14,40,94,1
10,39,25,32,4,1
45,20,2,46,36,1
96,57,65,2,69,1
25,38,88,70,60,1
91,37,73,76,96,1
11,34,25,57,34,1
77,36,16,15,3,1
89,67,67,95,2,1
47,63,61,52,61,1
65,95,54,21,10,1
34,53,62,24,36,1
98,78,71,36,82,1
55,41,20,39,38,1
16,1,56,4,61,1
70,9,16,98,37,1
23,82,97,26,5,1
15,22,65,67,8,1
81,50,52,21,39,1
27,57,78,2,62,1
91,20,13,48,72,1
48,26,73,31,40,1
43,66,17,71,99,0
65,36,64,78,50,1
76,53,42,84,72,1
7,57,75,28,62,0
60,84,4,71,47,1
16,37,21,12,72,1
44,91,2,76,64,1
70,84,67,9,61,1
70,15,66,64,24,1
32,11,43,77,32,1
0,67,39,71,96,1
1,53,74,59,23,1
24,90,20,7,53,1
16,15,54,37,0,1
40,38,40,97,92,1
90,12,97,44,63,1
92,44,38,0,68,1
36,83,95,13,62,1
79,84,53,89,2,1
55,29,14,14,32,1
39,51,29,42,45,1
75,88,6,81,71,1
3,89,55,50,48,1
38,9,43,67,99,1
12,73,48,51,54,1
9,30,58,46,73,1
97,55,0,69,90,1
9,79,32,12,82,1
65,72,45,97,48,1
2,60,46,51,79,1
20,17,48,35,58,1
4,22,84,56,97,1
96,52,0,85,54,1
95,34,43,67,28,1
97,34,72,18,44,1
50,10,88,63,1,1
35,97,8,58,11,1
86,33,34,42,54,1
92,93,18,54,0,1
78,47,30,89,35,1
38,62,24,56,49,1
76,38,28,12,32,1
82,61,77,59,61,1
49,39,32,42,49,1
93,45,42,92,69,1
7,93,43,98,55,1
62,15,51,62,66,1
98,64,62,68,45,1
47,22,3,99,9,1
28,96,52,57,99,1
77,47,62,12,39,0
89,42,82,13,0,1
7,33,15,93,79,0
16,58,20,27,87,1
41,51,15,40,85,1
46,13,21,26,99,1
40,55,91,97,79,1
79,69,2,80,98,1
2,75,64,13,37,1
70,37,15,73,52,1
38,98,89,22,30,1
15,12,62,37,33,1
78,94,9,8,81,1
43,97,32,21,23,1
82,87,72,48,94,1
79,44,85,42,86,1
41,54,12,7,0,1
83,82,93,79,80,1
41,69,35,99,99,1
84,27,22,63,35,1
30,81,73,62,37,1
77,97,64,67,43,1
71,82,54,17,60,1
39,79,25,97,79,1
55,40,44,37,35,1
26,56,62,47,24,1
42,30,31,73,44,1
1,94,30,11,40,1
58,86,56,64,41,1
38,92,98,55,72,1
18,54,98,50,36,1
1,15,75,90,87,1
60,65,96,60,85,1
6,10,57,35,64,1
63,51,42,66,2,1
86,67,70,16,42,1
11,52,75,47,27,1
28,97,2,24,0,1
72,39,15,72,38,1
84,66,14,57,61,1
88,46,5,7,51,1
52,90,35,70,46,1
82,11,54,31,28,1
99,26,81,4,32,1
58,61,70,18,38,1
20,39,0,20,36,1
79,44,41,29,34,1
73,3,86,24,98,1
91,74,42,80,65,1
89,36,2,16,94,1
11,85,61,50,12,1
39,12,14,90,4,1
67,92,34,10,47,1
10,43,83,89,88,1
46,20,16,18,19,1
30,98,33,42,24,1
2,94,29,99,42,1
50,83,10,25,29,1
66,42,21,19,84,1
28,61,80,48,30,1
94,13,48,6,18,1
44,84,50,97,96,1
23,55,51,92,20,1
80,27,98,84,30,1
29,12,0,2,4,1
68,19,14,64,12,1
32,46,14,31,96,1
92,14,45,21,80,1
72,69,69,19,76,1
73,25,10,70,24,1
60,32,17,4,24,1
46,45,66,34,1,1
13,14,17,54,8,1
31,82,3,22,30,1
5,89,8,81,64,1
95,0,19,36,92,1
28,10,15,48,79,1
10,40,16,85,48,1
76,53,9,94,66,1
90,84,58,1,29,1
62,74,62,69,70,1
67,54,33,27,79,1
68,35,81,8,71,1
77,34,59,51,30,1
44,60,8,5,85,1
79,38,71,18,11,1
55,57,6,28,98,1
61,81,63,9,43,1
15,97,43,77,39,1
42,12,28,20,24,1
54,76,59,51,8,1
87,29,50,10,70,1
86,94,15,48,54,1
90,27,40,85,71,1
89,39,16,84,35,1
50,71,78,42,47,1
48,78,22,66,66,1
21,50,64,1,96,1
95,82,71,64,82,1
95,79,45,56,55,1
97,7,93,54,92,1
87,59,90,41,32,1
73,51,75,7,4,1
73,2,7,46,51,1
29,84,73,40,84,1
18,0,73,85,69,1
70,57,67,3,20,1
63,87,83,89,0,1
21,87,34,55,78,1
79,20,92,46,29,1
4,24,0,21,41,1
77,62,96,55,54,1
43,14,79,49,53,0
43,60,86,22,61,0
50,59,76,17,54,0
55,89,20,11,85,0
97,37,51,43,87,0
3,72,53,42,61,0
74,88,22,72,1,0
76,32,17,49,80,0
73,43,5,12,13,0
81,95,37,68,17,0
9,77,40,48,90,0
96,89,43,99,11,0
9,42,48,78,68,0
44,58,91,37,80,0
70,6,57,60,83,0
72,4,25,83,5,0
43,16,10,53,71,0
1,51,88,88,94,0
98,47,26,93,96,0
82,74,25,34,9,1
48,31,85,20,50,0
63,2,28,80,8,0
74,70,76,1,7,0
97,8,29,78,36,0
71,1,22,97,42,0
32,24,43,84,6,0
74,16,22,60,30,0
23,25,35,20,16,0
83,26,1,73,15,0
10,4,27,81,86,1
36,67,62,41,64,0
8,93,66,77,68,0
35,24,87,11,45,0
36,7,56,99,52,0
64,6,30,49,49,0
29,45,57,42,12,0
41,51,44,85,85,0
70,46,89,2,52,0
50,41,85,40,74,0
34,80,95,29,98,0
78,48,10,67,51,0
65,38,58,73,59,0
1,74,98,3,36,0
6,83,63,75,58,0
12,65,94,13,4,0
77,66,44,37,1,0
68,18,39,44,46,0
89,96,35,96,94,0
34,33,27,75,52,0
89,13,77,72,14,0
35,27,62,5,54,0
34,98,67,94,29,0
86,93,5,21,38,0
66,8,17,94,60,0
7,87,85,7,99,0
22,67,0,95,20,0
99,90,72,78,96,0
36,6,75,87,51,0
20,11,20,3,23,0
89,70,53,60,49,0
8,4,89,34,87,0
16,47,33,26,31,0
40,55,29,73,87,0
38,34,77,37,56,0
68,66,85,98,94,0
51,31,19,27,3,0
91,94,85,15,63,0
71,58,66,33,13,0
36,84,89,41,53,0
36,54,63,88,92,0
59,67,6,92,92,0
87,67,15,33,70,0
19,4,48,54,45,0
64,20,14,53,64,1
49,54,2,76,34,0
54,8,7,48,64,0
32,84,20,79,51,0
65,55,4,66,61,0
61,5,5,38,33,0
66,15,13,35,9,0
30,24,50,43,84,0
62,48,15,90,7,0
68,35,51,12,62,0
79,57,84,72,18,0
1,55,27,38,47,0
46,62,52,0,98,0
82,4,56,54,94,0
45,78,72,65,50,0
64,55,21,75,46,0
89,25,71,7,53,0
35,15,29,6,49,0
49,29,56,66,33,0
9,70,33,68,49,0
82,53,49,2,42,0
77,16,61,71,98,0
26,19,31,24,55,0
55,45,11,80,39,0
38,31,81,56,50,0
30,47,80,58,59,1
13,28,66,14,83,0
60,38,46,88,83,0
54,4,88,80,76,1
90,0,28,56,18,0
91,73,16,53,25,0
87,78,28,67,32,0
58,39,19,49,5,0
72,87,42,3,11,0
65,62,10,9,9,0
3,14,85,47,52,0
87,27,90,50,78,0
27,81,81,91,27,0
31,52,4,25,86,0
9,83,45,98,57,0
23,30,96,17,82,1
90,58,96,34,34,0
68,8,38,46,57,0
44,81,27,81,9,0
51,6,19,57,66,0
86,23,76,66,60,0
93,28,87,24,53,0
52,10,72,33,1,0
6,79,64,99,57,0
42,77,62,16,88,0
1,78,28,80,66,1
3,1,11,75,16,0
52,48,84,18,46,0
76,74,18,18,68,0
77,99,85,97,18,0
75,54,3,94,43,0
21,28,19,36,36,0
2,71,29,80,75,0
27,52,66,6,90,0
40,96,72,57,84,0
15,46,2,60,10,0
75,12,31,8,25,0
15,7,90,5,28,0
51,15,75,98,13,0
60,69,59,1,44,0
40,31,49,81,34,0
72,88,94,67,17,0
31,76,53,65,46,0
52,38,32,90,55,0
68,71,51,70,2,0
26,26,9,0,25,0
40,82,37,80,55,0
32,88,44,8,98,0
96,35,8,54,1,0
12,71,52,10,99,0
5,22,32,22,88,0
83,70,27,97,72,0
38,69,3,31,15,0
25,52,7,72,24,0
10,6,41,36,55,1
67,4,24,52,66,0
37,45,34,38,82,0
71,50,12,57,59,0
15,29,6,66,97,0
30,42,67,18,5,0
7,50,12,17,56,0
76,2,3,58,22,0
19,14,48,59,93,0
81,59,62,93,71,0
32,28,31,85,50,0
88,84,79,14,49,0
44,55,93,46,34,0
20,21,11,74,2,0
95,14,53,56,49,0
24,6,6,90,90,0
24,56,53,58,22,0
73,50,8,30,76,1
47,5,34,54,44,0
95,84,72,49,64,0
14,16,77,18,37,0
21,96,71,88,0,0
59,19,35,34,80,0
85,78,56,60,83,0
78,95,70,24,52,0
94,84,14,17,36,0
18,33,36,31,56,0
56,38,23,35,82,0
92,1,73,31,82,0
24,61,21,94,85,0
62,44,4,69,20,0
54,17,63,49,47,0
79,62,31,80,38,0
58,94,64,66,61,0
6,57,71,19,94,1
97,61,12,51,23,0
14,76,43,29,77,0
92,64,23,11,94,0
98,63,19,70,13,0
85,64,19,87,40,0
11,57,27,48,88,0
86,11,15,32,63,1
73,6,42,70,92,0
60,60,59,12,75,0
72,47,83,81,63,0
10,3,31,35,13,0
18,74,33,64,14,0
51,63,48,54,34,0
88,63,63,30,30,0
77,65,99,45,91,0
9,16,65,27,12,0
41,38,87,6,75,0
39,54,2,76,68,0
39,32,80,31,33,0
58,94,43,57,17,0
3,72,92,63,74,1
12,19,1,69,90,0
23,27,44,57,41,1
91,77,37,71,76,0
13,56,22,79,77,0
72,77,64,52,77,0
3,46,33,78,6,0
18,29,76,85,80,1
88,10,15,88,37,0
61,89,55,43,16,0
98,21,18,34,19,0
76,19,64,96,86,0
48,26,42,81,82,0
84,23,41,33,81,0
84,55,58,78,39,0
75,68,35,44,4,0
30,79,17,35,54,0
12,90,40,77,62,0
18,79,52,39,82,0
9,60,53,93,19,1
59,16,12,33,89,0
11,18,82,45,51,1
12,5,60,57,60,0
55,19,8,3,43,0
99,18,79,52,37,0
73,94,68,60,76,1
29,68,12,8,74,0
98,70,57,85,17,0
30,46,86,35,48,0
23,74,52,27,21,1
81,53,11,24,82,0
41,81,48,10,10,1
78,37,22,77,29,0
20,97,94,14,71,1
1,95,16,80,20,1
28,63,9,53,65,0
58,41,31,52,28,1
29,56,67,47,96,0
83,31,24,47,9,0
19,78,18,43,71,0
60,48,76,31,56,0
82,61,12,6,78,0
79,42,98,61,37,0
64,52,95,53,59,0
23,64,46,36,0,1
7,81,88,32,36,0
37,80,44,74,98,1
81,20,51,41,62,1
79,19,45,98,74,0
25,58,8,43,20,1
14,89,76,20,33,0
21,77,68,37,21,0
39,28,82,60,45,0
75,83,7,48,82,0
19,40,28,5,24,0
86,98,86,68,57,0
26,26,19,66,87,0
18,5,42,44,42,0
99,2,90,8,82,0
35,10,82,20,3,0
73,5,67,80,5,1
5,65,53,47,98,0
51,61,62,62,92,0
46,63,62,96,66,0
55,59,52,50,13,0
11,87,6,20,39,1
48,33,74,91,78,0
9,17,10,79,24,0
68,99,75,75,24,1
99,69,6,51,96,0
57,26,79,64,32,1
62,89,66,99,91,0
86,74,71,24,80,0
38,36,63,56,42,0
43,4,99,66,85,1
56,52,22,28,23,0
51,37,57,42,97,0
16,14,0,25,96,1
10,25,4,49,86,0
65,21,16,39,76,1
38,74,56,89,4,0
59,91,20,75,61,0
95,16,48,90,98,0
60,48,86,53,64,0
47,92,21,60,39,0
26,41,45,82,16,0
58,72,98,73,79,1
72,65,49,78,51,0
63,61,29,71,66,0
38,15,27,73,33,1
72,81,12,66,60,1
13,53,4,72,62,0
70,55,92,27,16,0
90,1,16,4,11,1
67,94,50,98,95,1
1,91,37,81,75,1
97,79,24,40,20,0
29,47,21,5,10,0
49,62,18,26,3,0
21,56,94,43,99,0
82,7,48,66,84,0
69,11,80,28,59,0
58,34,1,4,31,0
80,98,6,3,97,0
38,41,55,35,39,0
26,72,52,37,44,0
82,57,24,66,3,0
98,67,98,57,45,0
41,86,2,47,97,0
22,6,69,57,6,0
91,82,55,86,26,1
20,98,25,70,39,0
53,90,47,52,36,0
92,37,46,45,8,0
29,15,52,39,29,1
39,44,72,85,75,0
72,27,48,99,95,0
11,5,5,2,99,0
5,46,92,61,24,1
69,60,27,7,16,0
67,14,56,47,19,1
67,33,10,81,28,0
67,54,78,55,18,1
9,33,19,34,59,0
80,85,40,63,67,0
0,98,58,67,43,0
83,80,92,41,71,0
22,56,83,1,21,0
83,41,55,82,85,0
74,6,83,49,2,0
27,23,87,74,91,0
64,16,68,42,14,1
26,28,47,94,11,0
53,43,81,96,26,0
13,1,18,37,62,1
13,18,36,48,51,0
33,9,82,63,93,1
81,16,88,42,11,1
89,77,95,17,75,0
26,81,26,71,11,0
30,19,30,26,58,1
49,3,50,6,10,1
70,29,81,43,64,0
37,91,71,81,83,0
97,49,98,80,77,1
11,75,90,93,90,1
47,5,55,83,58,0
4,69,88,57,39,1
46,46,99,72,84,0
43,68,98,67,0,1
55,67,19,15,54,0
10,64,10,42,7,0
14,59,29,71,79,0
52,3,57,10,23,1
82,94,99,7,76,0
99,78,2,73,30,0
96,74,67,93,94,0
5,72,32,54,1,1
34,68,5,75,23,0
13,71,73,14,57,0
13,52,75,14,46,0
89,86,92,29,35,0
80,23,26,74,61,0
92,37,97,31,43,0
47,10,97,44,1,1
59,47,38,45,93,1
67,35,50,18,75,1
82,56,25,61,37,1
37,33,12,54,91,0
84,21,13,29,31,0
86,14,49,92,71,1
0,7,68,88,85,1
82,96,97,83,76,1
31,15,94,30,6,0
79,91,52,35,35,1
84,79,55,38,27,0
45,46,81,88,9,1
72,9,72,47,68,0
46,43,52,47,71,0
27,56,42,65,5,1
30,56,3,91,20,1
47,95,72,37,25,1
31,79,12,15,44,1
68,75,96,58,75,0
69,60,98,58,23,1
45,4,72,30,70,0
60,62,76,97,35,0
14,55,48,16,62,1
96,28,20,43,82,1
69,9,12,56,70,1
36,57,72,86,7,0
27,16,58,15,34,0
86,80,0,69,86,1
16,3,93,52,17,0
73,31,65,89,28,0
97,13,20,43,18,1
3,15,93,14,32,1
3,31,49,49,71,1
17,45,51,54,9,0
94,67,77,69,56,1
9,26,29,94,75,1
65,37,71,64,47,1
18,53,32,35,91,0
64,31,70,92,85,0
40,7,9,44,24,0
16,61,80,54,52,0
19,17,14,58,82,1
74,14,85,1,15,0
12,75,8,46,7,1
56,89,24,74,69,1
55,74,4,72,15,0
13,73,29,33,58,0
36,8,65,76,90,1
19,78,72,40,25,1
76,21,43,50,50,0
86,98,98,85,69,1
26,72,63,5,17,1
16,7,79,84,2,0
53,77,3,41,52,1
49,88,84,38,57,1
85,65,63,35,66,0
92,34,45,13,26,0
3,92,6,17,14,1
3,89,81,96,48,0
46,26,11,17,85,1
30,39,35,85,46,1
48,75,11,90,16,1
14,36,32,98,41,1
88,62,86,79,25,0
86,5,5,65,80,1
29,4,91,71,17,0
65,55,57,58,87,0
42,84,34,95,37,1
9,0,27,99,36,0
47,97,29,35,19,1
3,10,40,80,11,0
9,78,40,13,50,0
45,74,10,82,9,0
51,33,17,38,29,0
83,47,3,3,76,0
49,58,74,91,39,0
38,51,50,13,53,0
4,36,23,83,62,0
2,84,30,79,14,0
99,59,51,79,38,0
26,72,52,90,99,0
75,51,72,31,29,0
87,3,18,23,4,1
88,19,34,33,1,1
56,38,79,78,88,1
6,9,99,7,10,0
62,57,78,1,62,0
63,70,18,32,20,0
0,71,11,38,39,1
58,3,12,23,1,1
73,69,61,68,34,0
95,72,9,31,16,1
32,96,2,7,57,0
10,58,0,65,0,1
53,23,78,29,10,0
62,73,31,26,84,0
79,82,59,78,63,1
17,6,85,76,26,0
71,90,41,41,78,1
35,88,49,79,80,0
46,21,29,71,92,0
96,72,92,47,47,0
18,16,94,5,54,0
20,18,11,65,69,0
40,36,24,20,95,0
38,58,86,32,29,0
43,43,32,66,46,1
0,26,30,3,63,0
36,15,38,91,91,1
33,73,5,39,29,0
60,82,32,43,49,1
77,32,57,57,17,1
59,70,78,38,3,1
45,62,92,83,17,1
64,90,2,15,90,0
96,45,67,55,91,0
28,61,80,66,63,0
7,59,96,80,53,0
98,17,62,69,96,1
76,10,75,0,57,0
19,37,16,47,28,0
16,37,51,59,74,0
31,94,5,71,94,1
39,80,21,3,46,1
84,90,30,72,1,0
24,17,90,57,42,1
35,1,55,27,36,1
53,62,18,65,32,1
39,84,40,52,44,1
76,67,12,67,96,1
85,50,48,12,29,1
53,3,84,7,88,0
57,10,6,7,26,1
52,81,28,68,60,0
27,49,11,77,85,0
65,92,67,41,52,0
79,64,21,2,42,0
13,23,57,5,29,0
92,21,98,14,98,0
62,77,58,90,75,1
98,89,42,57,2,1
80,21,46,30,74,0
96,96,9,2,4,0
60,34,75,43,65,0
32,97,0,28,86,1
29,22,70,81,17,0
96,6,34,79,34,1
19,54,8,47,93,0
71,65,91,13,39,0
64,91,85,0,28,0
29,18,77,38,63,0
27,77,54,2,78,0
41,79,92,54,22,0
50,29,12,71,52,0
41,30,51,25,85,0
77,51,95,2,99,1
20,62,70,96,32,0
23,36,61,70,42,0
65,72,59,21,3,1
70,25,50,60,5,0
24,3,54,29,62,1
51,24,94,68,39,0
95,59,86,22,90,1
56,10,22,6,74,1
1,57,60,53,13,0
61,81,84,95,51,1
86,10,79,49,0,0
56,77,50,17,87,0
92,15,78,88,90,0
60,39,87,4,33,1
90,77,47,79,13,1
4,26,4,62,11,0
49,60,80,74,3,1
71,10,24,49,91,1
28,1,47,17,90,0
52,36,4,43,75,0
30,90,40,36,84,0
10,33,36,18,82,1
64,87,59,16,71,0
52,13,0,11,2,0
27,24,73,98,74,0
19,67,75,2,6,1
6,50,7,2,68,0
78,74,97,68,34,1
29,90,22,45,30,1
73,44,78,37,38,1
1,58,13,31,58,0
77,29,20,84,78,1
5,57,21,87,36,0
99,14,11,69,23,1
20,35,31,79,76,0
95,5,95,69,56,1
2,28,75,48,28,1
4,62,99,53,13,0
59,74,93,97,66,0
35,98,28,68,24,0
35,68,17,59,43,1
4,13,21,62,57,0
8,98,27,47,37,0
76,12,71,0,72,1
29,34,51,54,17,1
27,19,60,3,4,0
5,89,97,57,38,1
37,61,3,99,68,0
57,95,31,86,75,1
78,65,30,89,99,0
84,94,59,49,66,1
62,20,0,41,61,1
24,66,36,35,17,0
85,58,12,21,44,1
16,53,42,49,67,1
70,3,63,90,81,1
18,84,70,86,53,1
24,96,6,44,76,1
96,87,23,70,57,1
70,42,55,72,58,1
86,35,98,7,87,0
65,15,63,47,66,0
90,42,40,45,99,1
41,1,92,82,52,1
90,95,58,91,37,0
43,40,96,46,48,0
95,14,71,51,49,1
44,30,34,27,15,0
24,38,31,78,80,1
15,93,55,65,20,1
16,53,56,70,17,1
91,54,64,37,86,1
96,6,30,42,24,1
62,62,42,67,54,1
93,55,93,52,53,1
44,49,70,77,50,1
72,16,97,61,31,1
77,97,25,35,45,1
1,85,67,71,91,1
37,70,51,67,86,0
56,96,26,70,74,1
8,69,63,53,89,1
44,83,73,30,56,0
2,17,69,99,82,0
25,73,52,1,21,1
30,8,54,18,91,1
12,62,15,16,81,1
34,94,58,50,13,1
41,47,6,19,67,1
6,8,34,19,91,0
92,72,0,57,77,1
75,66,81,31,73,1
10,18,64,41,54,0
37,50,27,56,19,1
70,97,21,0,66,1
76,92,97,74,42,0
16,42,21,77,84,1
15,41,11,41,60,1
55,10,67,90,77,0
54,43,24,31,34,0
1,24,50,62,74,0
88,61,75,31,72,1
70,73,36,79,2,0
77,46,10,16,43,0
75,30,26,47,59,1
37,47,53,41,30,0
1,56,96,8,29,1
98,40,9,17,34,1
73,22,40,38,35,0
38,22,34,10,66,1
81,41,49,39,17,1
7,89,6,41,73,1
46,85,71,38,60,0
17,66,27,12,78,1
57,67,82,98,15,0
35,51,8,66,74,1
82,93,47,34,54,0
55,62,96,49,6,1
59,9,0,86,45,1
47,69,82,2,65,0
78,9,19,46,87,1
33,85,83,80,99,1
9,51,70,94,61,1
12,15,98,39,52,1
97,26,92,88,46,1
99,7,61,58,32,0
29,28,94,75,76,1
53,42,76,25,41,1
0,95,58,2,10,1
11,30,74,79,56,1
27,43,25,33,50,1
10,44,13,33,23,0
32,21,35,10,58,1
42,28,22,27,78,1
88,75,80,43,48,0
17,20,57,54,58,1
10,23,77,11,90,1
31,15,47,25,9,0
26,33,12,33,89,0
9,89,59,81,45,1
58,51,89,47,84,0
92,7,8,24,35,0
95,85,97,59,6,1
21,57,83,85,25,0
48,23,73,75,9,1
99,87,22,42,8,1
32,88,72,37,44,1
59,85,70,41,78,1
38,95,5,16,83,0
99,91,79,26,49,1
4,48,38,53,21,0
11,58,24,45,15,1
90,1,51,95,8,1
63,86,48,49,19,0
54,88,61,3,24,1
1,65,90,95,57,0
60,21,31,74,51,0
73,35,20,78,6,0
99,45,64,45,64,0
82,49,18,99,79,1
30,34,66,63,62,1
24,83,53,44,59,1
83,10,62,20,91,0
38,6,18,96,0,1
70,44,30,63,2,1
47,63,31,24,50,1
22,88,30,3,49,1
66,36,5,51,68,1
92,12,50,69,75,1
65,67,1,33,33,1
4,91,14,93,85,0
61,17,17,65,2,1
11,46,67,8,30,0
52,7,80,34,21,1
41,18,57,49,99,1
88,77,22,52,73,1
84,31,0,71,33,1
8,29,16,71,55,0
82,87,27,19,78,0
24,86,77,41,46,1
47,62,73,56,9,0
68,17,52,73,11,0
5,87,63,88,94,0
14,56,7,11,42,1
12,2,33,52,90,1
26,36,51,48,88,1
14,72,51,93,79,1
80,26,4,70,98,1
28,77,65,1,1,0
87,5,65,7,70,0
62,67,61,48,70,1
10,85,72,10,40,1
56,15,98,72,29,0
72,12,73,47,18,1
76,85,39,59,46,0
93,47,37,30,12,1
47,16,56,61,51,1
44,68,47,75,24,0
96,47,63,28,56,1
62,31,98,62,42,1
6,81,34,50,29,1
36,29,16,31,28,0
98,23,77,3,53,1
50,15,2,27,73,0
42,86,30,28,7,1
61,22,75,53,81,1
28,9,33,88,30,1
35,32,12,1,38,1
48,5,83,23,54,1
18,7,33,59,17,0
51,98,28,15,0,0
93,6,18,86,27,1
49,65,39,56,35,1
11,61,21,50,48,0
9,88,24,23,21,1
56,21,84,51,53,1
75,68,76,16,36,1
4,36,2,1,44,1
79,75,91,88,4,1
9,61,66,73,49,1
61,41,74,58,61,1
96,20,65,34,53,0
60,58,15,51,71,1
40,60,60,24,48,0
59,47,78,12,2,1
24,39,88,94,73,1
25,96,80,42,70,0
13,54,89,72,24,1
47,84,75,35,64,1
55,24,28,24,75,1
29,5,50,48,37,1
98,0,77,74,50,0
56,6,87,48,23,0
0,18,61,19,86,1
54,89,15,10,60,1
78,65,23,71,13,1
38,38,73,15,62,1
13,76,26,81,44,1
90,99,97,65,92,1
60,54,91,25,43,0
63,98,35,71,25,0
19,93,86,56,75,0
27,84,43,67,64,0
17,11,96,52,40,1
60,3,43,77,24,1
11,95,29,2,69,1
30,39,1,73,26,0
62,33,64,74,48,1
43,88,93,26,59,1
53,24,79,97,55,1
95,86,89,46,92,1
29,41,32,77,5,1
63,29,12,32,32,0
85,69,98,7,49,0
16,37,56,8,93,1
17,89,95,5,37,1
36,81,62,76,97,1
91,70,65,26,88,1
83,73,81,84,87,1
56,73,99,77,9,1
9,85,91,20,58,1
90,65,24,49,92,1
48,28,27,4,54,0
45,9,39,14,59,1
16,31,12,64,88,1
36,92,90,61,13,1
62,6,97,84,54,1
15,3,9,48,50,1
93,3,58,19,92,1
8,73,96,98,44,1
2,24,44,8,12,1
69,88,42,32,96,1
84,13,70,87,47,1
61,50,74,64,0,1
39,12,67,52,30,1
71,93,51,60,98,0
73,8,87,40,43,1
44,61,7,86,14,1
54,2,86,99,0,0
20,15,2,83,41,1
61,63,79,56,27,1
23,46,48,16,83,1
88,18,84,99,85,1
40,25,59,7,83,1
93,91,7,34,56,1
91,0,12,42,46,1
7,8,85,84,55,1
31,52,77,8,62,1
27,94,54,2,37,0
71,87,24,79,98,1
65,89,72,2,65,1
81,34,10,52,91,0
9,25,37,51,60,1
26,42,44,98,31,1
45,17,29,44,50,1
13,18,1,13,40,1
34,73,17,89,97,1
92,48,63,89,36,1
7,12,1,61,84,1
15,58,9,48,6,1
48,94,95,65,11,1
73,88,98,90,71,1
29,56,26,77,2,1
70,54,42,52,90,1
49,68,76,7,11,1
16,44,49,9,34,1
95,24,79,54,20,1
20,67,6,62,13,1
49,61,73,78,59,1
87,12,86,83,24,1
21,51,39,68,64,1
43,0,62,93,96,0
99,39,2,33,11,1
4,3,7,99,19,1
20,28,74,85,29,1
97,71,44,42,28,0
57,37,63,29,34,1
32,84,25,94,38,1
19,1,70,25,46,1
77,30,21,73,59,1
61,64,27,53,21,1
67,4,3,1,58,1
17,9,26,38,36,1
77,2,86,30,96,0
39,45,21,89,0,1
37,4,88,57,12,1
66,37,0,63,82,1
89,37,29,66,77,1
35,90,79,85,47,1
99,88,77,57,51,1
86,75,0,68,18,0
55,69,77,37,76,1
46,79,85,71,3,1
87,75,38,43,6,1
2,84,41,71,58,1
97,49,29,90,38,1
52,0,88,70,20,1
34,93,19,20,82,1
46,82,36,83,80,1
56,76,60,41,75,1
32,14,48,25,37,1
8,73,26,38,34,1
5,64,91,8,65,1
31,71,28,86,25,1
77,21,66,13,55,1
48,71,30,74,48,1
41,49,36,28,11,0
1,80,36,52,56,0
80,89,48,40,50,0
2,17,5,62,42,1
32,83,47,4,0,1
11,68,71,10,38,1
47,50,26,55,32,1
65,96,12,35,50,1
96,66,51,68,14,1
72,65,10,85,74,1
43,70,55,19,63,1
67,85,34,86,63,0
81,43,21,25,95,1
72,66,58,67,50,1
82,17,29,88,86,0
6,20,41,31,45,0
47,32,5,35,62,1
33,41,70,73,51,1
86,90,18,43,53,0
87,54,28,20,44,1
62,73,98,83,86,0
16,8,79,92,8,1
7,63,91,74,93,1
29,1,84,28,13,1
34,44,9,40,56,0
50,82,78,6,83,1
73,3,80,69,84,1
79,10,29,76,9,1
56,21,8,45,78,1
2,45,86,96,93,1
34,76,17,31,98,1
99,91,87,65,92,0
47,28,66,74,35,1
42,10,41,75,95,1
97,4,23,33,6,1
83,81,80,53,38,1
77,11,2,55,30,1
71,50,46,33,57,1
83,26,98,17,84,1
27,81,52,17,87,1
17,45,7,26,90,1
50,29,86,49,28,1
81,14,75,46,5,1
40,66,16,77,98,1
91,1,88,15,27,0
21,47,20,30,65,1
15,61,74,23,3,1
3,46,77,87,68,1
12,68,82,18,46,1
56,65,29,50,82,1
15,70,58,34,36,1
70,85,51,50,83,1
49,22,74,41,39,1
16,27,49,79,28,1
74,27,53,70,28,1
76,55,24,36,17,1
60,44,87,28,67,1
22,24,52,97,6,0
4,52,96,17,38,0
68,70,29,12,88,1
77,14,82,89,22,1
46,39,18,69,34,1
66,80,89,78,46,1
88,45,95,22,47,1
77,48,35,33,74,1
92,36,49,60,61,1
81,48,53,54,19,1
27,48,79,42,58,1
4,32,89,87,29,1
24,28,69,71,91,1
56,21,16,91,60,0
61,62,7,2,15,1
61,22,74,41,77,1
79,22,10,54,61,1
35,31,38,6,77,1
68,4,83,98,78,1
82,13,11,89,90,1
37,27,19,77,52,1
62,16,28,5,97,1
68,93,7,72,3,1
25,98,91,37,17,1
46,17,50,16,54,1
62,23,0,30,73,1
13,83,56,21,26,1
21,99,49,3,46,1
33,18,16,5,87,1
8,86,49,54,27,1
69,23,82,91,45,1
45,89,68,36,13,1
94,95,45,30,3,1
46,82,86,28,46,1
88,52,12,3,53,1
50,30,98,47,71,1
52,59,56,69,83,1
74,21,27,40,27,1
4,24,26,85,47,1
60,52,2,49,48,1
57,87,85,88,68,1
55,13,66,43,38,1
9,24,19,19,78,1
48,44,81,54,21,1
21,44,11,7,19,1
38,0,55,31,21,1
13,14,52,49,20,1
28,7,87,1,64,0
29,28,52,50,17,1
74,68,97,91,13,1
38,56,20,5,22,1
90,21,53,38,87,1
41,26,49,78,24,1
28,57,48,92,24,1
62,49,64,93,0,1
72,9,53,94,17,1
28,45,45,32,94,1
56,16,19,46,49,1
22,60,13,51,6,1
61,31,13,62,57,1
63,31,51,16,23,1
42,0,70,89,7,1
6,26,69,73,54,1
18,0,97,27,56,1
69,50,40,80,60,1
25,35,31,42,9,1
68,42,60,43,77,1
64,83,54,50,93,1
71,2,30,54,38,0
46,88,88,49,97,0
49,67,43,97,76,0
72,89,69,96,67,0
47,26,32,64,37,0
93,99,41,13,41,0
77,97,30,35,92,0
76,57,77,56,2,0
7,40,32,23,9,0
88,74,80,84,83,0
78,4,80,17,17,0
57,63,42,71,39,0
55,35,58,55,26,0
53,9,34,19,51,0
36,56,80,99,52,0
9,12,26,63,60,0
12,43,41,9,96,0
7,1,32,39,91,0
3,13,3,42,62,0
74,84,68,0,39,0
2,84,92,42,98,0
80,75,40,23,28,0
32,38,38,24,22,0
58,27,18,38,62,0
41,23,66,78,40,0
37,77,0,85,25,0
67,57,50,47,11,0
90,98,88,2,21,0
23,41,36,29,71,0
65,60,79,93,33,0
80,36,20,37,16,0
57,70,20,24,90,0
15,62,61,51,76,0
49,52,71,45,76,0
93,34,37,31,21,0
86,37,71,35,2,0
27,35,97,79,91,0
74,21,19,58,34,0
99,80,23,94,65,0
21,93,53,14,32,0
64,77,30,61,37,0
45,6,19,39,13,0
56,62,4,66,3,0
34,40,52,8,92,0
0,28,56,86,14,0
71,33,46,18,22,0
15,76,52,69,18,0
13,40,46,2,96,0
54,67,3,31,14,0
37,8,92,82,38,0
83,31,25,77,52,0
69,2,9,61,93,0
17,65,48,56,59,0
24,37,6,66,50,0
70,7,1,10,78,0
50,90,97,92,35,0
59,96,22,47,21,0
97,18,41,18,36,0
3,36,60,44,14,0
9,76,44,28,71,0
8,38,55,25,22,0
66,42,43,57,48,0
72,48,31,8,78,0
1,76,64,59,26,1
46,66,30,67,43,0
16,31,13,57,10,0
67,37,78,48,23,0
86,34,76,57,74,0
54,30,93,6,18,0
91,33,66,84,48,0
60,66,47,8,58,0
35,4,73,24,58,0
37,98,87,45,8,0
32,81,86,78,69,0
94,12,75,47,9,0
90,21,8,8,7,0
89,53,87,68,45,0
15,84,28,98,52,0
87,81,14,32,93,0
21,23,78,78,84,0
28,97,60,79,18,0
46,89,95,81,7,0
20,56,2,93,69,0
55,23,13,12,38,0
28,89,85,51,52,0
73,78,57,55,69,0
76,3,8,80,82,1
63,46,0,36,13,0
30,92,65,13,65,1
76,0,21,93,80,0
68,75,8,73,97,0
16,24,26,12,94,0
33,92,85,8,85,0
50,92,51,56,12,0
38,97,13,11,82,0
37,79,98,14,0,0
86,87,93,25,71,0
61,77,81,73,13,0
19,66,71,57,78,0
58,60,92,32,50,0
43,45,45,11,17,0
55,84,91,41,97,0
41,58,71,94,52,0
81,6,14,12,77,0
86,42,66,37,77,0
56,93,38,69,70,0
81,19,64,10,77,1
56,30,76,29,44,0
26,40,7,5,28,0
56,91,48,17,70,0
80,6,79,0,94,0
43,22,96,74,42,0
44,14,82,34,54,0
29,76,69,9,83,0
40,0,44,57,20,0
39,85,47,99,51,0
58,65,93,20,1,0
66,24,58,7,94,0
71,60,16,89,34,0
76,43,46,25,30,0
13,86,78,4,34,0
60,60,14,79,88,0
77,76,48,34,40,0
50,95,61,21,5,0
86,21,65,24,82,1
56,50,34,70,11,1
13,72,48,74,24,0
74,96,32,44,90,0
56,63,4,19,99,0
31,59,13,85,41,0
19,4,45,46,41,1
11,6,13,76,96,1
13,55,88,80,46,0
29,71,81,98,20,0
9,79,80,38,95,0
35,50,42,9,96,0
79,61,31,86,48,0
64,19,68,36,88,0
87,41,28,89,61,0
13,86,36,71,63,0
48,81,63,67,65,1
88,49,0,63,37,0
39,73,32,15,27,0
45,44,78,94,40,0
90,39,74,68,45,0
35,62,37,34,17,0
49,29,38,57,29,0
46,59,67,52,33,0
30,24,32,75,80,0
58,19,25,19,27,1
24,80,80,36,88,0
74,81,21,26,26,0
2,61,67,47,80,1
86,37,55,97,27,0
5,50,96,95,91,0
41,82,22,62,42,0
61,8,83,58,70,0
31,57,27,49,8,1
53,59,23,25,48,0
19,77,36,12,2,1
88,28,34,7,13,0
22,1,97,81,90,0
77,47,67,35,39,0
18,11,17,70,12,0
94,10,21,16,74,1
53,44,22,50,54,0
33,35,80,32,24,0
29,13,82,42,87,0
20,0,49,36,86,0
29,76,57,5,49,0
2,77,45,99,20,1
93,96,44,47,90,0
3,31,18,11,63,0
47,42,49,89,21,0
55,52,57,23,70,0
9,54,85,20,25,0
26,55,25,34,32,0
63,2,73,96,41,0
60,86,60,98,94,0
27,31,96,57,62,1
4,63,37,49,7,0
88,7,21,39,30,0
67,86,80,17,2,1
41,86,61,88,87,0
51,43,20,49,22,1
42,93,25,56,60,0
81,30,42,62,58,0
84,4,33,6,85,0
14,21,72,15,84,0
81,7,16,37,39,0
3,94,75,15,93,0
64,50,17,51,14,0
22,23,10,59,17,0
80,15,92,8,4,0
27,69,91,19,54,1
42,51,17,21,27,0
15,83,1,4,12,0
91,22,8,31,15,0
24,53,16,68,33,1
80,77,38,22,52,0
74,15,45,4,36,0
84,41,89,49,7,0
66,83,45,66,26,1
14,32,39,68,65,1
79,86,66,96,3,0
74,52,44,45,32,0
18,2,82,22,75,1
60,96,9,23,63,0
83,91,96,23,25,0
1,0,28,18,52,0
4,28,28,84,23,1
34,74,19,33,53,0
95,95,36,61,54,1
27,52,69,24,47,0
25,54,40,34,11,0
15,7,28,68,40,1
98,47,79,11,27,0
65,74,81,82,23,1
42,96,76,61,6,0
38,45,39,91,45,1
50,46,45,49,15,1
51,17,18,90,7,0
62,85,52,29,24,0
48,50,21,11,52,0
56,48,39,62,37,0
41,14,70,62,89,0
24,29,24,1,88,0
85,65,15,81,5,0
94,84,98,51,2,1
25,98,32,6,37,0
6,84,69,12,69,0
68,72,47,40,6,0
74,51,34,77,79,0
85,88,37,90,16,0
85,62,32,13,31,0
2,40,50,99,18,0
53,66,64,16,24,0
43,37,41,83,83,0
82,37,40,4,81,0
81,63,77,25,38,0
31,57,48,72,60,1
38,83,71,23,20,0
54,11,18,72,13,0
68,67,81,34,75,1
60,25,98,8,5,0
22,7,58,6,75,1
48,10,76,59,73,0
87,15,51,80,27,0
39,62,93,28,12,1
97,81,76,52,1,0
81,73,29,15,94,1
92,46,77,99,28,0
40,91,72,88,76,0
48,26,94,15,36,0
45,99,14,69,97,0
12,96,79,62,96,0
60,42,93,61,80,1
96,21,81,80,10,1
63,97,43,84,68,0
17,99,3,12,31,1
2,45,98,3,28,0
22,1,53,9,76,0
55,74,80,8,96,0
37,67,0,68,93,0
96,91,60,4,42,1
56,77,83,35,4,0
46,49,18,5,84,0
81,7,95,93,83,0
73,33,75,25,14,0
84,4,99,29,7,0
53,95,81,17,6,0
79,35,36,94,58,0
11,43,7,83,38,0
81,66,38,84,40,1
72,22,96,9,23,0
8,1,19,21,25,0
32,93,23,75,52,1
40,41,87,46,48,1
22,28,92,37,90,1
29,78,84,75,76,1
51,11,93,57,26,1
37,70,37,60,42,1
92,43,2,95,34,0
57,83,60,3,80,0
45,80,17,5,69,0
83,39,26,22,73,0
20,76,51,53,41,0
53,93,7,48,45,0
17,91,37,77,47,1
91,46,56,38,48,1
69,72,79,92,17,1
49,88,14,52,28,0
63,0,40,59,45,0
55,43,34,71,47,0
51,73,58,58,14,0
27,21,63,17,85,0
83,77,43,52,54,0
74,20,20,91,14,0
73,52,97,21,28,0
7,11,16,28,25,0
83,78,17,56,34,0
66,53,14,84,63,1
11,5,73,66,54,1
71,1,86,53,15,1
21,72,24,56,8,0
56,80,69,73,14,0
97,98,44,68,7,1
76,11,5,94,11,0
27,42,99,70,85,0
20,65,83,28,62,0
12,24,71,82,90,0
65,31,28,97,60,1
78,52,1,43,16,0
91,89,69,99,22,0
47,39,48,80,47,0
4,17,55,19,2,0
26,48,43,36,65,1
74,33,93,71,60,1
0,64,79,40,52,0
78,50,62,1,7,1
27,67,37,10,31,0
51,60,55,59,76,0
73,12,48,30,8,1
39,80,88,39,55,0
65,43,79,65,57,0
4,42,54,27,42,0
51,73,46,59,77,0
45,85,91,12,33,0
47,75,0,17,68,0
45,11,44,80,73,0
20,79,59,97,42,0
41,28,2,60,2,1
92,1,29,46,77,0
92,19,96,27,47,0
20,5,53,98,29,1
17,13,88,74,42,0
63,3,57,11,52,0
67,42,27,27,73,0
80,67,42,30,88,0
78,87,89,78,39,1
61,54,31,60,94,0
81,31,28,19,50,0
9,47,89,99,57,0
21,37,99,20,85,1
65,54,50,74,32,1
26,53,69,74,84,0
63,86,22,64,8,0
20,84,73,80,15,0
13,74,80,61,73,1
57,32,76,91,55,0
53,50,69,90,81,1
10,72,95,80,9,1
29,56,9,29,11,0
66,90,38,8,77,0
29,73,99,62,18,1
36,1,11,14,54,0
55,20,61,78,9,0
66,58,43,70,65,1
72,15,16,42,72,0
12,56,93,4,33,0
94,11,58,19,17,0
13,83,19,57,27,1
32,5,98,10,86,1
48,84,22,31,11,0
27,82,66,29,67,0
61,2,6,82,63,1
96,60,80,63,96,0
83,80,7,2,74,1
65,68,8,1,50,0
28,37,97,95,11,0
46,16,52,80,52,0
44,71,91,87,66,0
47,21,58,13,12,0
92,48,52,42,24,0
29,13,77,9,89,1
90,77,72,37,17,0
83,67,34,19,94,0
40,74,16,91,25,1
66,91,23,0,59,0
48,43,97,94,92,1
61,3,88,11,27,0
11,88,42,78,54,1
34,77,72,43,49,0
35,22,82,42,86,0
31,2,75,15,86,0
15,51,2,50,56,1
55,60,49,71,20,1
60,96,71,58,28,0
20,67,11,10,26,0
83,50,52,11,70,1
60,45,26,63,68,0
46,74,58,96,69,0
20,60,40,60,99,0
42,20,30,44,73,0
43,42,99,29,14,0
96,2,6,67,89,0
23,16,93,68,85,1
19,77,0,81,98,0
10,19,82,21,13,1
50,46,48,80,7,0
86,41,73,60,98,1
40,29,11,38,31,0
43,85,19,75,24,1
4,53,77,26,17,1
11,6,28,26,74,0
64,84,4,77,28,0
92,30,66,56,38,0
52,73,54,59,33,0
44,30,89,73,86,1
92,44,17,3,91,0
28,75,72,47,42,0
20,23,24,66,20,0
23,61,68,54,91,0
35,72,33,44,95,0
6,69,25,37,56,0
2,70,22,13,63,0
46,41,14,11,0,0
28,49,83,48,63,0
3,14,1,72,9,0
29,40,78,72,92,0
53,40,48,11,21,1
53,3,12,78,91,0
49,11,79,95,86,1
57,18,4,16,94,1
96,20,0,68,36,1
8,8,32,53,64,0
38,71,65,90,65,1
1,5,12,41,72,0
14,5,89,44,72,0
12,46,42,80,8,0
58,70,92,37,75,1
92,41,15,91,12,0
52,79,84,74,50,0
51,98,90,78,8,0
33,80,10,33,81,1
91,15,66,69,80,0
83,49,47,73,91,0
21,44,75,5,35,1
10,68,84,71,78,0
20,47,77,45,13,1
7,21,59,7,48,1
72,63,5,51,11,0
31,25,17,45,94,0
75,19,66,55,55,0
68,68,32,0,70,0
13,11,82,70,90,1
12,0,97,20,0,1
29,47,93,92,44,1
49,26,15,3,5,0
15,26,85,46,4,1
60,75,5,74,50,0
76,4,42,30,15,0
96,32,21,81,96,1
71,44,90,51,35,1
96,84,37,14,93,0
79,70,47,14,35,0
57,76,35,65,33,1
96,43,90,6,99,1
58,21,80,13,93,0
95,89,89,73,9,0
39,2,93,79,80,1
71,7,58,23,70,1
71,57,72,65,61,0
33,13,28,31,23,1
13,15,5,88,61,0
51,10,44,76,13,1
51,23,62,21,84,1
74,20,85,28,57,1
2,60,25,11,13,0
13,55,55,65,1,1
60,90,96,16,48,1
84,82,27,57,63,1
35,16,15,48,31,0
13,8,93,27,94,1
86,23,23,63,86,0
46,22,79,92,16,1
40,64,26,27,44,1
94,45,5,28,79,1
13,28,90,70,98,1
79,0,70,54,0,1
46,84,90,26,36,0
5,2,70,84,28,1
55,25,19,94,17,0
90,73,36,50,78,0
19,0,56,72,5,0
68,0,65,67,91,1
83,63,1,57,25,0
61,15,55,27,87,0
64,11,97,24,4,1
0,3,69,3,27,0
57,99,12,27,64,0
45,24,46,86,83,1
46,76,68,47,94,1
4,16,47,63,90,1
90,11,21,66,26,0
74,40,14,44,82,0
88,55,55,4,99,0
60,5,32,64,82,0
62,76,82,33,82,0
69,68,82,93,97,1
77,39,19,33,85,1
90,71,15,38,90,0
65,71,92,24,98,1
50,71,8,18,15,0
62,94,73,41,82,0
32,53,5,46,96,0
10,80,13,92,43,1
29,18,52,67,70,0
9,62,25,83,39,0
22,79,3,26,71,1
53,61,24,22,12,1
7,65,53,59,30,1
59,42,50,67,48,0
60,89,68,94,67,0
21,33,57,33,94,0
0,16,43,97,79,0
74,32,18,46,5,1
36,43,73,79,32,1
48,83,9,53,90,1
57,36,9,57,15,0
84,23,6,55,10,1
34,79,25,29,11,0
40,92,50,76,61,1
45,66,22,33,53,1
71,0,74,35,70,1
89,25,87,43,89,1
7,5,64,50,25,1
93,69,99,26,70,1
37,47,72,47,32,0
41,53,88,18,29,1
32,92,85,0,11,0
70,10,89,32,71,0
90,40,79,66,30,0
28,82,33,64,53,1
61,98,35,44,78,1
71,93,3,41,21,1
34,59,88,30,45,1
20,36,52,33,23,0
6,54,20,18,30,0
58,9,16,49,8,0
25,36,77,16,47,1
75,4,98,31,23,0
31,58,96,31,77,1
45,83,34,2,50,1
5,73,45,46,36,0
1,33,35,89,93,0
33,4,94,11,3,1
91,86,59,3,95,1
3,78,18,61,42,0
99,17,63,66,73,0
0,61,23,47,87,1
87,4,52,6,23,1
16,26,32,56,53,1
55,53,18,79,82,0
44,87,39,66,89,1
23,57,7,79,71,1
86,76,87,89,5,1
57,88,14,94,82,1
27,49,79,82,79,0
41,77,3,35,97,0
46,78,17,31,17,0
83,49,75,98,66,1
63,19,83,44,33,1
14,52,74,64,91,1
24,40,61,23,14,0
49,32,39,36,31,1
90,33,58,45,14,0
89,76,97,82,42,1
54,16,89,44,41,0
3,75,15,77,80,1
62,56,76,24,48,0
66,64,49,75,57,1
61,64,36,18,68,0
85,50,37,61,2,0
0,23,25,86,11,1
27,76,72,10,35,1
53,3,23,52,0,1
68,56,11,35,64,1
44,7,56,19,56,0
51,84,53,51,91,0
59,93,37,92,2,0
65,11,90,88,97,1
96,45,38,37,75,1
35,71,98,80,73,0
80,64,84,18,24,1
37,97,72,84,81,1
27,91,24,48,42,0
32,73,49,48,37,0
68,9,77,18,58,1
2,28,21,80,6,0
73,54,39,23,32,0
16,62,88,56,15,1
48,31,43,98,2,1
62,75,82,66,51,1
11,83,89,68,50,1
32,17,17,36,87,1
5,9,69,76,86,0
42,91,16,74,32,0
53,32,80,76,1,0
80,76,1,83,42,0
1,16,47,3,90,1
36,16,10,69,21,1
69,58,8,69,97,1
21,67,20,17,38,0
24,12,86,51,96,0
15,22,29,37,17,1
35,27,43,74,14,1
98,31,88,42,63,1
82,15,85,71,92,0
35,76,98,35,91,1
8,1,35,69,11,1
82,53,90,66,92,0
36,82,27,47,83,1
3,3,32,66,46,1
34,36,90,65,16,1
24,92,19,58,71,0
26,96,92,55,78,1
65,91,38,25,2,0
24,51,12,20,36,0
12,37,24,82,77,1
47,68,24,46,99,1
14,41,44,31,82,0
65,16,7,10,55,1
47,51,3,96,95,1
82,78,58,79,47,0
69,66,79,58,77,1
69,11,76,90,83,1
53,3,29,54,86,1
4,45,94,30,69,0
4,52,47,81,55,0
43,66,31,51,64,1
90,50,4,77,92,0
87,30,73,71,27,0
85,66,93,59,78,1
94,91,45,53,9,1
23,86,82,74,51,1
92,0,19,49,72,1
87,71,89,34,36,1
41,74,2,95,36,1
12,92,47,93,54,1
14,42,57,55,30,0
53,8,6,39,0,1
91,29,44,96,7,1
86,95,13,87,43,1
71,71,37,5,17,0
44,86,22,50,77,1
66,30,55,87,95,1
19,5,91,79,36,0
16,28,67,97,24,1
74,73,59,46,58,1
98,94,97,53,40,0
82,97,60,69,23,1
29,24,73,39,64,1
37,6,97,1,7,1
94,68,30,90,77,1
22,66,32,6,69,1
45,26,77,71,24,0
46,57,99,10,31,0
51,93,34,63,12,0
41,45,1,16,57,1
81,21,43,49,2,1
35,76,59,14,91,1
23,87,96,86,24,0
48,36,6,83,67,1
34,43,26,0,90,1
79,40,1,30,61,1
74,36,10,76,95,1
20,30,47,56,93,1
79,35,21,94,94,0
36,32,63,32,64,0
70,76,45,39,29,0
17,33,38,25,9,0
63,84,90,25,27,0
42,74,79,7,73,1
25,80,56,37,33,1
10,29,81,62,59,0
30,52,38,10,19,1
51,92,15,21,8,0
65,97,84,42,84,1
58,41,4,18,21,1
28,47,27,28,46,1
67,0,43,18,7,1
42,38,1,99,5,1
96,27,7,55,90,0
50,87,72,56,44,0
35,71,99,86,18,1
84,13,22,37,25,0
12,91,5,88,37,1
42,59,87,31,66,1
22,99,3,0,84,0
55,74,83,60,55,1
61,67,17,1,13,1
12,85,48,45,76,0
21,84,32,71,75,0
53,64,78,5,79,0
83,62,84,92,83,1
42,48,4,95,49,1
96,87,36,97,36,1
41,65,5,68,40,0
85,3,4,20,94,0
97,29,13,65,80,1
40,87,70,94,8,1
54,82,34,83,32,1
85,20,3,16,29,1
58,53,47,43,75,0
17,59,34,62,4,1
27,48,65,63,60,1
28,62,75,95,84,0
98,68,24,69,48,0
32,93,83,6,42,1
98,3,43,68,14,1
12,34,11,14,88,1
60,19,20,79,12,1
22,19,52,37,66,1
11,72,53,91,69,1
68,69,52,66,23,1
88,35,48,95,39,1
20,58,62,47,5,1
59,11,99,87,35,0
43,94,42,6,61,1
79,89,19,90,36,0
66,93,35,16,12,1
26,2,62,39,39,1
36,21,7,74,14,1
6,21,37,82,4,1
91,9,65,81,52,0
65,25,32,37,8,1
4,33,80,88,60,1
18,58,86,47,93,1
86,9,89,56,99,1
48,61,60,46,48,1
82,11,38,11,80,1
67,35,60,33,34,1
76,10,69,68,68,1
84,50,78,55,37,1
33,7,23,10,29,1
61,56,28,14,91,0
77,42,99,27,2,0
65,7,5,66,95,1
88,41,34,17,67,1
27,57,96,64,82,1
58,88,49,14,77,1
42,54,31,36,25,1
38,98,52,48,55,1
80,83,30,63,61,0
32,61,34,69,16,0
40,71,58,53,75,0
18,78,78,1,48,1
53,54,30,10,77,1
11,50,22,26,1,1
31,29,91,19,4,1
14,63,7,79,51,1
65,37,29,9,81,1
10,83,52,57,43,1
8,89,0,11,19,0
59,48,10,43,48,1
81,45,47,83,0,1
48,52,69,59,13,1
57,33,91,10,53,1
35,0,37,74,0,1
82,97,78,12,78,1
61,16,93,98,79,1
81,2,46,93,55,0
59,63,92,12,99,1
27,84,60,39,43,1
41,34,20,5,92,1
3,61,1,3,26,1
42,29,18,74,91,1
26,88,46,89,93,1
38,43,21,45,42,1
8,63,79,12,72,0
77,33,24,39,84,1
97,98,43,84,9,1
46,75,55,78,67,0
91,73,95,20,78,0
57,84,17,33,25,1
83,79,29,52,45,1
16,37,29,86,3,1
65,33,49,37,71,0
36,49,37,56,1,1
93,70,19,89,84,1
85,85,90,58,56,0
5,58,88,6,38,1
19,44,64,16,91,1
3,47,43,2,94,0
97,99,54,0,73,1
43,8,66,13,33,0
92,7,51,64,21,1
39,94,51,18,89,1
30,60,13,62,74,1
25,23,45,43,40,1
23,67,34,53,67,1
5,51,91,57,96,1
9,4,99,64,26,1
96,94,69,73,39,1
85,0,49,58,94,1
34,27,67,63,66,0
18,29,20,57,17,1
52,59,44,46,93,0
34,46,79,68,91,0
15,17,21,63,80,0
57,68,28,80,97,1
11,96,7,33,32,1
0,62,22,38,84,0
59,37,43,91,20,1
93,36,3,18,18,1
50,10,80,40,97,1
56,12,44,35,95,1
72,7,42,95,36,1
68,11,16,9,9,0
71,21,23,42,95,0
18,86,49,91,28,1
24,20,53,46,60,1
22,42,35,33,37,1
15,26,74,3,86,1
36,81,25,20,9,1
39,21,72,72,64,1
39,47,33,50,10,1
61,2,9,78,80,0
64,4,26,11,61,1
54,53,33,75,15,1
46,39,83,28,30,0
81,22,23,37,71,1
61,84,56,71,70,1
87,53,30,61,95,1
8,12,32,15,58,1
10,88,94,91,56,1
20,87,90,74,64,1
70,6,51,55,89,1
6,0,50,14,62,1
39,19,33,9,42,0
40,90,77,85,63,1
70,53,2,85,91,1
21,2,73,11,12,1
47,97,97,11,77,1
81,36,82,25,81,1
45,98,26,72,14,1
71,62,62,2,7,1
62,47,18,87,54,1
60,63,89,63,96,1
49,97,25,82,6,1
25,57,64,81,41,1
22,60,77,71,24,1
41,66,39,30,33,1
38,91,81,87,21,1
61,57,42,70,34,1
13,17,98,57,32,0
73,99,67,17,45,1
97,26,40,57,96,1
64,99,54,4,70,1
45,66,39,3,25,0
66,40,60,73,41,1
67,24,91,65,36,1
57,38,40,94,25,0
94,2,37,15,96,0
0,77,51,56,26,1
1,30,56,48,9,1
51,42,86,63,46,1
71,29,96,97,91,1
99,80,23,33,71,1
58,37,8,49,2,1
90,24,39,62,78,1
58,57,38,70,49,1
74,89,4,24,46,1
20,94,24,64,39,0
34,64,3,4,23,1
6,87,50,93,86,1
36,10,36,6,95,1
79,62,5,59,56,1
97,4,46,20,44,0
48,90,67,31,24,1
11,63,59,50,41,1
5,43,77,25,78,1
57,47,18,6,34,1
73,8,18,98,56,1
85,96,81,98,6,0
3,47,95,34,52,1
89,38,5,34,92,1
17,71,7,74,12,1
75,13,58,31,7,1
89,95,69,93,22,1
18,32,67,27,63,1
92,2,85,44,57,1
17,42,77,31,21,1
64,60,77,22,63,1
72,6,55,76,2,1
73,46,84,63,55,1
52,33,39,71,17,1
20,78,82,18,90,1
43,53,47,19,9,1
66,4,39,56,19,1
79,8,11,4,77,0
34,38,34,90,88,1
14,99,35,78,11,1
46,0,20,26,59,1
75,50,40,19,12,1
43,24,33,51,10,1
0,45,63,14,50,1
77,68,2,10,32,1
37,51,11,84,44,0
3,31,75,89,92,0
88,51,56,9,77,1
64,3,67,45,33,1
46,77,37,91,51,1
64,82,86,43,35,1
69,48,41,51,66,1
43,72,32,91,34,1
30,16,26,97,50,1
86,71,36,56,99,1
6,64,95,2,97,1
33,73,23,39,91,1
77,9,25,42,59,1
92,32,46,5,7,1
35,22,26,1,96,1
69,66,54,62,38,1
55,88,28,77,49,1
59,69,35,62,7,1
66,91,34,21,22,1
38,62,25,59,48,0
0,14,80,41,24,1
90,55,43,53,85,1
14,10,4,37,97,1
36,92,87,28,23,0
38,1,22,11,97,1
37,96,43,70,81,0
12,66,98,35,8,1
57,56,24,24,24,1
1,9,85,92,63,1
59,44,73,53,41,1
14,80,56,53,30,1
67,56,32,58,81,1
57,90,48,86,90,1
39,56,23,67,8,0
93,32,48,22,94,1
23,10,70,27,31,1
1,21,39,20,62,1
37,34,76,85,78,1
28,74,68,59,94,1
51,91,9,83,34,1
0,76,30,96,70,1
36,85,30,52,42,1
46,19,16,63,93,1
34,65,74,40,37,1
83,41,10,89,45,1
58,24,70,69,8,1
18,44,37,54,49,1
87,92,26,45,66,1
52,65,58,65,88,1
93,99,91,54,10,1
67,3,58,14,21,1
34,46,18,10,18,1
53,85,42,41,52,1
60,31,47,48,28,1
10,68,90,49,27,1
71,43,44,99,28,1
21,84,93,79,12,1
27,29,32,44,49,1
4,26,92,21,65,1
35,31,22,72,9,1
52,63,3,30,95,1
51,67,21,87,46,1
22,50,56,49,53,1
72,32,8,45,56,1
93,6,59,36,21,1
33,69,56,77,11,1
12,81,89,76,32,1
47,72,54,45,4,1
55,21,8,97,29,1
67,41,71,49,4,1
46,48,4,90,77,1
89,65,66,53,40,1
48,94,92,40,30,1
42,41,69,77,79,1
57,65,28,74,97,1
63,56,37,15,10,1
29,87,11,31,29,1
27,38,91,46,83,1
5,49,22,55,30,1
68,14,23,99,75,1
54,77,19,71,11,0
25,25,67,55,14,1
42,55,75,50,0,1
59,44,4,58,7,1
57,23,58,43,69,1
39,82,81,45,86,1
27,10,43,86,47,1
42,0,52,70,59,1
98,2,5,37,96,1
21,3,5,1,36,1
13,90,83,73,94,1
36,70,36,31,1,1
52,45,61,77,95,1
66,94,73,18,83,1
21,6,23,65,6,1
89,48,28,28,56,1
97,99,21,81,95,1
7,3,2,53,13,1
55,45,32,25,62,1
53,36,79,19,54,1
19,36,80,2,80,1
